書名,著者名,サブタイトル,記事,定価,発売日,ISBN,サイズ,ページ数,画像URL
最強の高配当投資,"
					上岡正明：著者				",売却益×配当益　爆速で資産を増やす！,"
2023年の配当金は600万円超え！
国内割安大型株で「夢の配当生活」を実現できる
企業経営者、YouTuberと多忙を極めながら、週に２～３時間、日に15分の株式投資を続ける著者の、2023年の配当金はすでに600万円超え。
これまでは、主に売買益狙い（キャプタルゲイン）の投資法について指南してきた著者が、長期で手堅く行う配当金投資（インカムゲイン）のつくり上げ方を初公開！
株は「売却益」だけでなく「高配当」も狙えたら、最強です！
【構成案】
Prologue　年数万円レベルではない、本当の配当生活を実現する！
Chapter1　「高配当＆億り人」銘柄をスクリーニングする７つの条件
Chapter2　有望銘柄をこっそり仕込む!　最強チャートパターンの見つけ方
Chapter3　ニュースや国策はこう読み解く！ファンダメンタルの作法
Epilogue　　知って得する！ 一生保有の銘柄10選＆新NISAの作法
","1,760円（本体1,600円+10%税）",2023年12月24日（日）,978-4-8156-2339-5,A5判,192,https://www.sbcr.jp/wp-content/uploads/2023/09/9784815623395-2-420x596.jpg
プロ投資家の先を読む思考法,"
					渡部清二：著者				",要素がありません,"
プロ投資家の考えていることがわかれば、あなたも成功を手にできる
「そもそも投資の意義ってなに？」
「株式投資をしているけれど、これといったメソッドを持っているわけじゃない」
「今の運用方法で正しいのか、だれか教えて！」
「自力で市場予測をするには限界を感じる…」
こんな思いや悩みを抱えている方は多いのではないでしょうか？
本書では、会社四季報を26年以上にわたり完全読破し続けている、元・野村證券のプロ投資家である著者が、投資における市場の先読み術をやさしくかみ砕いて解説しています。
プロ投資家の思考を参考にすれば、投資に限らず、ものごとの先を見通す力や、先回りして考え、行動する力が身につくでしょう。
マーケットビジネスの潮目を読み、一段ステップアップしたビジネスパーソンになれれば、成功を手にするチャンスも広がるはずです。
さあ今こそ、投資やビジネスに役立つ最強メソッドをともに学びましょう！
《こんな方にオススメ！》
・株式投資をこれから始める方
・投資はやっているけれど、今のやり方でいいのか不安な方
・よりレベルの高いインベスターシンキングがしりたい方
・未来予測（なんらかの先読み思考）に関心のある方
など、さまざまな方々にぜひお読みいただきたい１冊です。
はじめに　投資を成功させたいなら、「長期視点」を養うべき
第１章　市場の先を読むメリットとはなにか
第２章　この知識さえあれば、市場の先が見通せる
第３章　市場の先を読むために必要なスキル
第４章　市場の先読み術を最大化する投資判断とは
第５章　市場の先読みにはマインドセットも重要
おわりに　あなたなりの投資スタイルを見つけよう
",990円（本体900円+10%税）,2023年12月7日（木）,978-4-8156-2238-1,新書,208,https://www.sbcr.jp/wp-content/uploads/2023/09/9784815622381-1-386x596.jpg
PayPayではじまる最高に便利でおトクな生活［PayPay公式ガイドブック］,"
					坂井きょうこ（スマっ子）：著者				",要素がありません,"
【PayPay公式ガイドブック】普通に生活するだけでPayPayでポイントを獲得する方法
■対象読者■
・スマートフォン決済が初めてで、PayPayを使ってみたい初心者の方
・PayPayをもっとおトクに利用したい方
初心者歓迎！PayPayで知りたいこと［ぜんぶ］解説した、
PayPayのガイドブックです。
本書の特徴は以下の３つ！
①1分で準備完了！
生活が潤うおすすめの設定
②安心で安全！〔PayPayの不正利用対策〕
全額補償&24時間365日サポート
③もっと便利に！
実は知らない便利ワザ
本書とPayPayで「最高に便利でおトクな生活」がはじまります。
0.　PayPayですぐできる！～便利なキャッシュレス生活～
1.　PayPayをはじめよう！～必要なのはスマホだけ～
2.　支払いをしよう！～片手でさっと支払える～
3.　おトクにポイントを使おう!~PayPayの良さはポイントにあり~
4. もっとおトクに使おう！～クーポンとおトクなキャンペーン～
5.　ずっと快適に使おう！～知っておきたいコツ～
6.　セキュリティを高めよう！～万が一でも安心～
","1,430円（本体1,300円+10%税）",2023年9月29日（金）,978-4-8156-1998-5,A5判,168,https://www.sbcr.jp/wp-content/uploads/2023/07/9784815619985-2-416x596.jpg
マンガでわかる　まずはアパート一棟、買いなさい！,"
					石原博光：著者				",要素がありません,"
「みなさん、富裕層を目指しましょう！」
なんて大それたことは言いません。
でも10年後に、本業とは別に収入が、年に例えば300万円でも500万円でもあればいいとは思いませんか？
本書では、所得の決して多くない人が、300万円の自己資金から不動産投資を始めて、家賃年収1000万円を得る方法をお教えします。
しかも、「不動産投資」の必読の情報をマンガから理解できます！
【ポイント！】
・不動産投資に興味関心があるレベルから実際にスタートするまでを　ストーリー仕立てでわかりやすく読めます。
・いざ、不動産経営を始めてみてからのお悩み「あるある」をマンガにすることで、イメージしやすくなります

【登場人物】 
石橋 渉 （わたる）
31歳。独身。A型。食品メーカー「MPフーズ」勤務。慎重派で時として、なかなか決断できない。先輩、同期からは、名前の通り「石橋を叩いて渡る」性格だと評される。趣味は食べ歩きの旅。旅行のみならず出張でも、よく食べ歩き、地方都市には詳しい。
山本さくら 
26歳。AB型。石橋の後輩。略して「ヤマサ」と呼ばれることから、あだ名は「醤油」または「しょうちゃん」。実家は和菓子屋で、和菓子職人の父と兄が苦心している姿を見ているので職人をリスペクトしている。勝気で早口。「機関銃のヤマサ」と異名を取る。
喫茶＆バー「リターン」のマスター夫婦 
元バンドマンのマスター、美魔女のママが経営する喫茶＆バー「リターン」。石橋くんとさくらさんが勤務する会社の近くにあり、ふたりの憩いの場となっている。
石原博光 
アメリカ在住の不動産投資家。日本に43世帯、アメリカに6つの戸建てを保有する。喫茶＆バー「リターン」で石橋くん、さくらさんと出会ったことから、ふたりに不動産投資のノウハウを教えることになる。
Scene１　不動産投資なんて超RISKY？ 
Scene２　リスクに優るメリットあり！ 
Scene３　自己資金は最低３００万円は用意すべし！ 
Scene４　資産より「稼働産」を買うべし 
Scene５　まずは戸建てで投資をはじめるのもアリ 
Scene６　掘り出し物の高利回り物件を探すコツ 
……etc. 
","1,694円（本体1,540円+10%税）",2023年9月1日（金）,978-4-8156-2248-0,A5判,176,https://www.sbcr.jp/wp-content/uploads/2023/06/9784815622480-2-408x596.jpg
【2024年新制度対応版】NISA＆iDeCo完全ガイド,"
					篠田尚子：著者				",要素がありません,"
キホン知識から、本当にお金が増えるオススメ商品、賢い運用法まですべてわかる！
【2024年新制度にも完全対応！】
【無料特典】NISA＆iDeCoで、自分のお金がどれだけ増えるか自動算出できるエクセルシート付き！
「投資は怖いものの、コロナ禍で将来のお金が不安……」という理由から、新たにNISA口座を開設する人が激増しています。ただ、いざNISAやiDeCoを始めようとしても、投資経験がないと、どんな商品に投資し、どのように運用していいかわからないもの。そこで本書では、ファイナンシャルプランナーで、投資信託分析のプロでもある著者が、NISA（新NISA）とiDeCoの基礎知識から、手続きの流れ、知っている人だけが得をするテクニック、オススメの商品、商品のベストな組み合わせ方まで徹底解説！
新NISAとiDeCoは、この１冊でカンペキ！
序章　いよいよ、ＮＩＳＡとｉＤｅＣｏ全入時代に突入！
・年金問題にコロナ問題――。私たちのお金は本当に大丈夫？
・ＮＩＳＡとｉＤｅＣｏは世界的な流れ
・ＮＩＳＡとｉＤｅＣｏって、本当に危なくないの？
・何年で、どれくらいお金が増えれば資産運用は成功？
・「新ＮＩＳＡ」開始にあたってすでにＮＩＳＡを始めている人はどうすればいい？
第１章　これだけ！ＮＩＳＡとｉＤｅＣｏのキホン
（ｉＤｅＣｏのキホン①）確定拠出年金は「個人型」と「企業型」の２種類
（ｉＤｅＣｏのキホン②）ｉＤｅＣｏ最大のメリットは「３段階の節税」！
（ｉＤｅＣｏのキホン③）関係機関と手続き
（ｉＤｅＣｏのキホン④）ｉＤｅＣｏは「元本変動型」と「元本確保型」の２種類
（ｉＤｅＣｏのキホン⑤）「口座管理手数料」が０円の金融機関を選ぶ！
（ＮＩＳＡのキホン①）ＮＩＳＡは３つある
（ＮＩＳＡのキホン②）「新ＮＩＳＡ」３つのポイント
（ＮＩＳＡのキホン③）「新ＮＩＳＡ」の最大利用可能額は１８００万円
（ＮＩＳＡのキホン④）「新ＮＩＳＡ」では長期投資に向かない投資信託は対象外
（ＮＩＳＡのキホン⑤）「新ＮＩＳＡ」ケース別オススメ！活用法
（ＮＩＳＡのキホン⑤）「新ＮＩＳＡ」開始前にやっておくべき３つのこと
・ＮＩＳＡとｉＤｅＣｏのオススメの使い分け方
第２章 必ずおさえておきたい「投資信託」と「積み立て投資」のキホン
（投資信託のキホン①）ＮＩＳＡとｉＤｅＣｏで買える商品はあらかじめ絞り込まれている
（投資信託のキホン②）「インデックス型」と「アクティブ型」の違い
（投資信託のキホン③）投資信託の「コスト」の正しい見分け方
（投資信託のキホン④）「Ｓ＆Ｐ５００＝最強説」の落とし穴
（投資信託のキホン⑤）「インデックス型」はけっして万能ではない！
（投資信託のキホン⑥）「アクティブ型はリスクが高くて危ない」って本当？
（積み立て投資のキホン①）ｉＤｅＣｏとＮＩＳＡは積み立て投資が前提
（積み立て投資のキホン②）「積立なら、どんな商品を選んでもよい」は間違い！
（積み立て投資のキホン③）「リスクの軽減」は積み立てだけでは足りない
第３章　ズバリ！プロが太鼓判をおす投資信託はコレ！
（商品選びのポイント①）ｉＤｅＣｏの商品選びは迷ったら「全世界株式」
（商品選びのポイント②）ＮＩＳＡも、迷ったら最初は「インデックス型」でＯＫ
（商品選びのポイント③）ＮＧな商品の組み合わせ方
・ズバリ！NISA＆iDeCoのオススメの投資信託を教えます！
・ケース別投資信託のオススメの組み合わせ方
（商品選びのポイント④）「値下がり」という理由だけで投資信託を購入するのはＮＧ！
（アフターフォロー①）商品の「運用成績」を“正しく”判断する方法
（アフターフォロー②）「期間リターン」と「年率リターン」の違い
（アフターフォロー③）「購入した商品」の状況確認は「年１回」でＯＫ
（アフターフォロー④）「為替リスク」は過度に気にしない
第４章　ＮＩＳＡとｉＤｅＣｏを120％使いこなす方法
（ｉＤｅＣｏの120％活用法①）月ごとに「拠出額」を変える
（ｉＤｅＣｏの120％活用法②）「マッチング拠出」で拠出額を増やす
（ＮＩＳＡの120％活用法①）「単元未満株」でリスクヘッジしながら株式投資をする
（ＮＩＳＡの120％活用法②）「株式分割」を発表した企業に注目する
（ＮＩＳＡの120％活用法③）ジュニアＮＩＳＡ終了後も「子ども名義」の口座はつくれる
【特別付録】無料特典の使い方
","1,485円（本体1,350円+10%税）",2023年4月27日（木）,978-4-8156-1949-7,46判,192,https://www.sbcr.jp/wp-content/uploads/2023/03/9784815619497-407x596.jpg
アメリカの高校生が学んでいる投資の教科書,"
					ティモシー・オルセン：著者 / 桜田直美：訳				",要素がありません,"
全米の高校生が学んでいる投資のバイブル、
ついに日本上陸！
全米の高校生が学んできた、ロングセラーの教科書！
日本の高校で「お金の授業」が始まった今、必ず読んでおきたい「投資の基本」決定版！
アメリカの高校生が学んできた「日本の学校では教えてくれない」一生ものの投資の基本の授業を、一冊に凝縮！
高校で「お金」の授業がスタートした今こそ、必読。
「初めて」の人も「もう一度」の人も、
感動的によくわかる投資の「超基本」、徹底講義！


推薦者まえがき（橘玲）
日本の読者のためのまえがき（ティモシー・オルセン）
謝辞
序章　投資のはじめの一歩
誰でも投資家になれる／投資で大切な考え方
第１章金融市場の基本
株式市場／株価指数／ダウ・ジョーンズ工業株価平均（ダウ平均）／スタンダード＆プアーズ５００、４００、６００／ウィルシャー５０００／ラッセル１０００、２０００、３０００／その他の指数／債券市場／貯金から始めよう／すべての投資にはリスクがある／外国の金融市場
第１章で学んだ大切なこと
第２章資産形成の基本
初心者のための資産形成プラン：ステップ１／初心者のための資産形成プラン：ステップ２／初心者のための資産形成プラン：ステップ３／複利／インフレーション、デフレーション、生活費／インフレーション／デフレーション／超インフレ時代の心得／投資計画を立てよう／投資の期間を決める／カギは人生設計、投資期間、投資の目標／分散投資／現金はなぜ、王様なのか／毎月の貯金計画を立てる／ドルコスト平均法――資産形成のイノベーション
第２章で学んだ大切なこと
第３章株式投資の基本
株式／個人投資家と機関投資家／株はどのように買うのか／どの株を買えばいいのか／時価総額／新規株式公開（ＩＰＯ）／外国株は高リスク／リスクとリターン／株を分析する方法／分析の要は「利益」／「グロース株投資」と「バリュー株投資」／何が株価を動かすのか／心配で眠れない投資をしてはいけない
第３章で学んだ大切なこと
第４章　債券投資の基本
債券／社債／公債／外国債券／債券と資産配分
第４章で学んだ大切なこと
第５章　投資信託の基本
投資信託はなぜ、優れた投資法なのか／アクティブファンドとパッシブファンド／上場投資信託（ＥＴＦ）／さまざまな株式投資信託／債券ファンド／その他の投資信託／投資信託の手数料――この世にタダのものはない／投資信託はすべての投資家におすすめできる
第５章で学んだ大切なこと
第６章　インデックスファンドの基本
インデックス投資の利点／手数料の安さ／低リスク／何に投資しているかわかりやすい／税金が安い／上場投資信託（ＥＴＦ）――インデックスファンドの代わりになる／インデックスファンド＋ドルコスト平均法は、最強の組み合わせ／市場を丸ごと買うとなぜいいのか
インデックス投資の落とし穴１：オーバーラップ／インデックス投資の落とし穴２：エンハンストファンド
第６章で学んだ大切なこと
第７章　安全な投資の基本
専門家でも、市場に勝てない／安全な投資で市場に勝つ／市場に勝ち続けることは不可能なのか／個人投資家は、勝つことを目指さなくていい
第７章で学んだ大切なこと
第８章　投資コストの基本
お金を儲けるにもコストがかかる／委託手数料／株式投資の手数料革命／手数料と経費を最小限に抑える／投資信託にかかるコスト／なぜ手数料を払う必要があるのか
第８章で学んだ大切なこと
第９章　投資専門家　見分け方の基本
専門家が金融商品をすすめる理由／アナリスト／仲買人／ファイナンシャル・プランナー／投資リサーチ会社
第９章で学んだ大切なこと
第10章　資産配分の基本
株式の資産配分／債券の資産配分／投資信託の資産配分／資産配分を自己評価する
株式と債券を分析する／ステップ１：リサーチする会社の基準を決める／ステップ２：会社を調査する／経営陣の発言をチェックする／会社の財務状況に注目する／債券のリサーチ／国債のリサーチ／社債のリサーチ／地方債のリサーチ／ハイイールド債のリサーチ
第10章で学んだ大切なこと
第11章　資産防衛の基本
資産形成／資産を守る／ゆっくりと、着実に／ふと気づいたら無一文？／資産を育てる／資産防衛／資産を守って、お金に悩まずに生きる
第11章で学んだ大切なこと
第12章　資産運用の基本
すべては貯金から／今すぐに貯金と投資を始めよう／リスク、リターン、貯金
第12章で学んだ大切なこと
第13章　臆病な投資家の心得
分散投資でも、リスクゼロにはならない／不動産／不動産投資信託（ＲＥＩＴ）／ＲＥＩＴファンド：アクティブファンドとインデックスファンド／不動産、ＲＥＩＴ、ＲＥＩＴファンド／不安定な市場でのリスクヘッジ／金、その他貴金属／金／銀／貴金属ファンド／貴金属と資産配分／債券は分散投資で役に立つ／債券がただの安全な投資ではない理由
第13章で学んだ大切なこと
若い投資家に伝えたい大切なこと
若い投資家に伝えたい気をつけるべきこと
","1,694円（本体1,540円+10%税）",2023年2月8日（水）,978-4-8156-1603-8,46判,352,https://www.sbcr.jp/wp-content/uploads/2022/11/9784815616038-1-406x596.jpg
ほったらかし投資FIRE,"
					ゆうパパ：著者				",手間なく7年で早期リタイアする「米国株」高配当再投資法,"
●忙しいあなたでも、手間なくＦＩＲＥできる本！ 
近年、日本でも「FIRE」がメジャーになってきた。
しかし、多くの人は「FIREをしたい」と思いながらも、
「今の仕事やプライベートが忙しくて、投資に時間を割けない……」 
と、諦めているのが現状ではないだろうか。
そこで本書では、四六時中、忙しい読者のために、
「月１回３分のチェック」だけで、 
あとは何もせず自動で「ＦＩＲＥ」を達成する方法 
を一冊に落とし込んだ。
・「短期間でのFIRE達成」
・「手間なくできる」
この2つの両立を実現するのが、
本書の「米国株」高配当再投資法 だ。
５分で「しくみ」を作り、 
あとは７年間、「月１回３分チェック」するだけ。 
株価もニュースも一切見ずに、
”ほったらかし”のままＦＩＲＥを達成する
「しくみのつくりかた」。

プロローグ
・忙しいあなたでも、手間なくF I R E できる本！
・F I R E 挫折の原因の9割は「手間が膨大にかかること」
・「月3分のチェック」だけでF I R E できる「米国株」高配当再投資法
・「しくみ作り」すらも5分でできる……
第１章　ＦＩＲＥを目指すのが「絶対に正しい」これだけの理由
・ＦＩＲＥのメリットを挙げてみた！
・【メリット①】金銭的な不安がなくなる
・【メリット②】時間に縛られない
・【メリット③】人間関係に縛られない ……
第２章　なぜ”ほったらかし”でもＦＩＲＥできるのか？
・投資の多くは「手間と時間が取られる」ものばかり
・「配当投資」なら”何もせず自動で”お金が入る
・「再投資」すれば、さらに「配当金」が右肩上がりに増加
・米国株は連続増配25年以上が「64社」で圧倒的　……
第３章　”ほったらかし”のままＦＩＲＥする「米国株」高配当再投資法
・配当12％の「ＱＹＬＤ」を使って資金を作る
・Q Y L D は市況に左右されず配当が得られる
・Q Y L D は分配利回りが大きいので7年でF I R E できる
・インデックスはＦＩＲＥに12年、ＱＹＬＤなら７年で
第４章　ほったらかし投資ＦＩＲＥ　応用編
・ＱＹＬＤ以外にもたくさんある「米国株」高配当銘柄
・【ケース１】資産５００万円、ＦＩＲＥ達成までの期間７年の場合
・【ケース２】資産３００万円、時間をかけてＦＩＲＥ達成する場合
・【ケース３】資産0円からF I R E を目指したい場合　……
第５章　やらなくてもＦＩＲＥできるけど……「ＦＩＲＥを加速させるもの」としての支出管理
・「入金力ＵＰ」のための支出管理
・【支出管理の基本①】保険の見直し
・【支出管理の基本②】スマホの見直し
・支出管理アプリ「マネーフォワード」を活用しよう　　……
","1,650円（本体1,500円+10%税）",2023年2月2日（木）,978-4-8156-1816-2,46判,256,https://www.sbcr.jp/wp-content/uploads/2022/11/9784815618162-2-405x596.jpg
会社四季報の達人が全力で選んだ 10倍・100倍になる！　超優良株ベスト30,"
					渡部清二：著者				",要素がありません,"
会社四季報を100冊読破した伝説の達人が伝授する、これから伸びる市場と銘柄30選
「投資」というキーワードにピンとくる全国民必見！
四季報の達人が教える、大きな可能性を秘めた市場テーマと銘柄を一挙公開！
この１冊があれば、投資初心者のあなたは思い通りの投資に踏み出せるでしょう。
また、投資に慣れた方でも、新たな気づきが得られる１冊です。
●投資のカギをにぎるのは、会社四季報
『会社四季報』を1ページ目から最後のページまで読む「四季報読破」を20年以上継続し、2022年秋号の四季報をもって計100冊を完全読破した“会社四季報の超プロ・渡部清二氏”が教える、「これから伸びる市場」と「個別の優良銘柄」、そしてその見つけ方！
●10倍株（テンバガー）を探したいなら、二刀流の分析眼が必要
四季報は、読み方さえ覚えれば誰もが使いこなせる、投資における“三種の神器”のうちの1つです。
大量の文字の中から、あなたが求める情報を見つけ出すには、「投資トレンドの流れをつかむ定性評価」と「数値データを元に見ていく定量評価」のバランスが重要です。
本書では、投資の潮目を読み、大まかな流れを把握することに役立つ「定性評価」を軸に、四季報を活用した超優良銘柄ベスト30、そしてそれらを秘めた市場テーマをご紹介します。
《章立て》
第１章　　会社四季報の達人が教える 10倍株探しの必勝パターン
第２章　　会社四季報の達人が教える これから伸びる銘柄の見極め方【入門編】
第３章　　会社四季報の達人が教える 超優良市場の見つけ方【実践編】
第４章　　会社四季報の達人が教える 右肩上がりの市場と銘柄
第１章　会社四季報の達人が教える 10倍株探しの必勝パターン
・「３０００年生きた男」が教える、とっておきの「四季報の読み方」
・まさに「投資のバイブル」！　他にはない四季報の３つの強み
・狙い目のキーワードは「潜在テーマ」に隠れている！
・どんな不況下でも「これから伸びる株」は必ず存在する
・年末ジャンボ宝くじを買うよりもカンタンなテンバガー探し
・株式投資として大成功した「トヨタ自動車」
・約18倍へと大化けしたトヨタ株
・「ファーストリテイリング」は約20年で１００倍に！
・25倍近くまで急成長した「ドン・キホーテ」
・約20倍に跳ね上がった、あの国産ファッションブランド
・紙とオンラインの二刀流で、四季報からテンバガーの兆しをつかめ！
・約１２０人の記者の英知がつまっている
・私も最初は嫌だった「四季報読破」
・四季報読破「１冊目の壁」を超えた先に見える景色
・四季報読みは年4回の恒例行事
・四季報は仕組みの理解が９割！
・この２ステップで誰でも四季報の達人になれる
第２章　会社四季報の達人が教える これから伸びる銘柄の見極め方【入門編】
・四季報の文字情報で企業の成長性を判断
・企業の定性評価とは、就職面接のようなもの
・お宝株はこの「３ブロック」を見ればわかる！
・こんなキーワードが含まれている銘柄は大化けする！
・こんなワードはテンバガーの目印
・有力キーワードに出会うには、絶対に人の真似をしないこと
・潜在テーマは「少数ワード」に現れる
・まずは、簡単なメモから始めよう
・「自分の直感」と「他者目線」の両方を大切に
・キーワードのつながりから「潜在テーマ」が見つかる
・「勘ピュータ」が投資成功の鍵を握る
第３章　会社四季報の達人が教える 超優良市場の見つけ方【実践編】
・数値データはこの２か所だけ見ればいい
・「時価総額３００億円以下」に着目するとテンバガーが見つかる
・【財務】
桁数の多い数字は「３桁区切り」でまるわかり！
バランスシートは財務状況の健康診断書
まずは「自己資本比率」を見る
健全な企業は「自己資本比率」が30～70%
財務三表は、企業のお金の成績表
・【キャッシュフロー】
２番目に要チェック！　お金の流れがつかめる「キャッシュフロー」
「営業キャッシュフロー」でメイン事業の「稼ぐ力」を確認
「フリーキャッシュフロー」でビジネスの安全性を確認
売上高：会社の成長性がわかる
売上総利益（粗利）：会社の儲けがわかる
営業利益：会社の業績がわかる
・優良企業の営業利益率、目安は「10%」
経常利益と税引前利益
純利益
1株益
1株配
・四季報の巻頭ページで「市場経済」の全体像をつかめ！
【見出し】ランキングで見る業績トレンド
・各号のトレンドがわかる最重要の４パート
市場別集計「業績集計表」
業種別 業界展望
・日本の産業を俯瞰する目を養うポイント
・「四季報オンライン」はデータの宝箱
・日経新聞の強みは「情報の一覧性」にある
・投資は「売り手あれば買い手あり」
・手書きの「指標ノート」を25年継続して得られたもの
第４章　会社四季報の達人が教える 右肩上がりの市場と銘柄
【Ｗｅｂ３．０】次世代の分散型社会
【次世代パワー半導体】省エネ時代の革命児！
【宇宙】可能性が無限大！　注目のビジネス
【インフレ】日本円の価値が下がる時代だからこそ、爆上がりする銘柄
【コロナ禍で業績アップ】逆境を力に転ずるレジリエンス株
【非財務・人的資本】企業の人材はまさに“金鉱”
【高齢社会・ロボット】超高齢化×少子化社会の救世主！
【農業ＩｏＴ】日本の農業を持続可能なかたちにアップデート
【建機の自動運転】人手不足の時代、「常識」を変える自動化技術
【ジャポニスム再来】日本の底力を侮るなかれ！
【金融ハブになる可能性を秘めた日本橋】再開発の裏側に秘められた壮大なストーリー
",990円（本体900円+10%税）,2022年12月6日（火）,978-4-8156-1772-1,新書,232,https://www.sbcr.jp/wp-content/uploads/2022/09/9784815617721-2-382x596.jpg
東大卒億り人が考案したロジカル株式投資　市場平均を超えるリターンを手に入れる超合理的な方法,"
					東大ぱふぇっと：著者				",要素がありません,"
【内容】
新卒１年目で資産2000万円
東大卒４年目で資産１億円突破！
SNSで人気、いま話題沸騰の東大ぱふぇっとさんが、「できるだけ損しないで、勝手にお金が増えていく」方法を初心者にも向けて解説。
おすすめは、その市場を構成する複数の銘柄に広範な分散投資ができる「インデックス投資」ですが、長期的に、本当に儲かる「分散投資」の仕方、銘柄の選び方をとことんわかりやすく解説していきます。
「インデックスでインデックス投資」を超える！　超ロジカル長期投資戦略
・時間分散するよりも、資金は早いうちに投入せよ
・資産形成期の余剰資金はすべて株式に投入せよ
・投資対象は[全世界株式][全米株式][S&P500]
……etc.
本書では、常識的な「分散投資」をくつがえす方法を解説しつつ、初心者向けにおすすめのロボアドバイザの活用法から、いつどの割合で投資をしていくのが正解か、リスク管理の考え方、レバレッジETFまで、超合理的な投資法などをレクチャーしていきます。
※インデックス投資とは、株価指数などの値動きと連動した運用成果を目指す投資スタイル。一方、アクティブ投資とは、成長性が高いと見込まれる銘柄を個別に選んで運用していく方法。
【目次】
第１章　資産運用で簡単に及第点を取る方法
第２章　「時間分散」の２つの意味を理解する
第３章　資産運用で合格点を取る方法
第４章　リスク管理を考える・実践編
第５章　アセットクラスの分類とリスク管理手法
第６章　時間分散を用いたリスク管理と出口戦略
第７章　運用の時間分散とレバレッジ
第８章　レバレッジETFで運用の時間分散を実現する
","1,540円（本体1,400円+10%税）",2022年9月27日（火）,978-4-8156-1607-6,A5判,160,https://www.sbcr.jp/wp-content/uploads/2022/07/9784815616076-2-420x596.jpg
父と母がわが子に贈るお金の話　人生でもっとも大切な貯める力、増やす力,"
					ディリン・レドリング/アリソン・トム：著者				",要素がありません,"
アメリカでロング＆ベストセラーになっている「お金の入門書」が待望の日本上陸！
お金や投資に関する基本をわかりやすく教えてくれる、子どもも大人も知っておくべき投資入門書の決定版。
父と母が我が子に語りかける文体で、イラストを多用しながら、投資の超基礎知識を学ぶことができる一冊です。
この本の使い方
第１章：お金とは
第２章：お金を貯めよう
第３章：投資ってなに？
第４章：低リスク低リターン
第５章：高リスク高リターン
第６章：分散投資
第７章：お金を増やそう
用語集
参考文献
インデックス
","1,650円（本体1,500円+10%税）",2022年9月14日（水）,978-4-8156-1610-6,46判,200,https://www.sbcr.jp/wp-content/uploads/2022/06/9784815616106--408x596.jpg
株チャート最強の教科書,"
					山下 勁：著者				",「プライム銘柄×底値買い」で驚異の勝率９割を実現！,"
億超えを達成する著者のチャート術決定版！
株価は上げ下げ上げ下げ……を繰り返すもの。しかも、値動きが少ないとされる東証一部上場銘柄でさえも、数日で８％くらいの上げ下げを行き来しています。
日中は株価を見ない、銘柄名も見ない、チャートの形だけしか見ない。そのほうがむしろ儲かる！
著者の手法と投資真理が盛り込まれた１冊。東証一部「底値買い」投資術。キーワードは、「悪い決算」が出たらチャンスと思え！
2022年４月からの「プライム市場」*の銘柄にも最新対応！
＊プライム市場とは、東証が2022年４月から新たに設置する市場区分のうち最も上場基準が厳しい市場。東証一部より上場基準を厳しくし、最上位市場として企業の「質」を高めるのが狙い。
超基本から応用まで一気にマスター！
安定的に稼ぐ株式トレードのすべて
●Prologue 投資を始める前に知っておきたい４つのこと
・50万円から1億円を目指して「10倍株」狙いは大間違い
・訓練すればコワくない！「空売り」は必要な技術
……
●Step1【超基本編】 「安定銘柄」でも８％の上げ下げを繰り返す
・株価の上昇も下落も永遠には続かない
・本来、変化しない株価が値動きするのはなぜ？
・「８％の法則」で動き、ときどき16％の値動きも
・狙ったチャンスが来るまで「何もしない」のが基本
・全資金を投資に回すよりも現金化して残しておく
……
●Step2 基本編】 トレードの精度がグッと上がる６つのワザ
株価には3カ月周期で動くトレンドがある
今後のトレンドは移動平均線で予測する
「高値と安値」は儲かる！ トレードのキーポイント
キリのいい株価〝節目″で上値圏、底値圏を予測する
エントリーと利益確定の手がかりは「新値更新5日」
超シンプルなテクニック「中期移動平均線折り返し」
……
●Step3【応用編】 勝率９割をマスター！ ワンランク上のトレード術
・エントリー＆利益確定の根拠をデータ化する
・入り口を間違えたと気づいた瞬間に損切りを！
・3カ月以上下落後の悪決算は買いのチャンス
・目先ではなく、先を読んで売買する流れトレード
・月足、週足、日足をみて最強の戦略を立てる
・「価格帯別出来高」は支持帯にも抵抗帯にもなる
・「移動平均線乖離率」は〝使える″高精度の指数
……
●Step4 【応用編補講】 リアルトレードからテクニックを習得する！
●Epilogue エントリーと利益確定はどこ？ 考察クイズ
","1,540円（本体1,400円+10%税）",2022年6月17日（金）,978-4-8156-1547-5,A5判,144,https://www.sbcr.jp/wp-content/uploads/2022/01/9784815615475-1-418x596.jpg
世界一楽しい！会社四季報の読み方,"
					藤川里絵：著者				",小説のようにハマり、10倍儲かる！,"
【四季報オンラインの大人気コラムニストが教える、これまでにない新しい四季報の読み方！】
個人投資家のバイブルともいえる「四季報」。
ただ、あまりにも膨大な情報が掲載されているため、どう活用すればよいのか、
また、どこをチェックすればよいのかわからないという声も多い。
そこで、本書では、自他ともに認める四季報マニアで、
かつ四季報オンラインの大人気コラムニストが
推理小説のように謎解きを楽しみながら、かつ株価が上がる会社が見つかる、
これまでにない新しい四季報の読み方を解説！！
INTRODUCTION
・ 四季報は推理小説よりもハマる「読み物」だ！
・ 四季報を楽しく読みながら、投資家としてもレベルアップ！
PART１ 「記事欄」の謎を解け！
PART２ 「株主・業績欄」の謎を解け！
PART３ 「基本情報」の謎を解け！
PART４ 「巻頭・特集」の謎を解け！
","1,650円（本体1,500円+10%税）",2022年4月2日（土）,978-4-8156-1206-1,A5判,192,https://www.sbcr.jp/wp-content/uploads/2021/12/9784815612061-1-419x596.jpg
会社四季報の達人が教える 誰も知らない超優良企業,"
					渡部 清二：著者				",要素がありません,"
『会社四季報』を1ページ目から最後のページまで読む「四季報読破」を20年以上の継続中し、80冊以上を読破した「会社四季報の超プロ」で、
「会社四季報」を活用して優良株を見つける投資ノウハウを教える塾を主催する著者が教える、
「四季報の超プロが厳選した優良企業」とその見つけ方！
序章 ここを読めば「有望企業」がわかる
１ 有望企業には５つのタイプがある
２ 『会社四季報』にはどんな情報が載っているのか
３ ６つのブロックだけを見ればいい
第１章 中小型成長株
大きな成長が期待できる株を見つける方法
１ 株価10倍が狙える大化け株を探す
２ テンバガーが狙える「中小型成長株」の銘柄
３ 《実践編》四季報で「中小型成長株」の有望企業を探す
〈コラム〉Ａ社とＢ社、どちらの株が買いか？
第２章 業績回復株
Ｖ字回復企業をいち早く見つける方法
１ 業績回復に向かい始めた企業を探す
２ 大きなリターンが狙える「業績回復株」の銘柄
３ 《実践編》四季報で「業績回復株」の有望企業を探す
〈コラム〉キーワードから変化を読む
第３章 優良株
利益率が高いオンリーワン企業を見つける方法
１ 順調な値上がりが期待できる銘柄を探す
２ 安定的に稼げる「優良株」の銘柄
３ 《実践編》四季報で「優良株」の有望企業を探す
〈コラム〉消費者の目で流行をとらえ、流行を支える企業を探す
第４章 バリュー株
カタリストが期待できる企業を見つける方法
１ 資産価値に対して株価が安い企業を探す
２ 株価が割安な「バリュー株」の銘柄
３ 《実践編》四季報で「バリュー株」の有望企業を探す
〈コラム〉株式優待で株をもっと楽しもう
第５章 老舗株
サステナビリティの時代に成長する企業を見つける方法
１ 堅実経営を長年続けてきた企業を探す
２ 安心して買える「老舗株」の銘柄
３ 《実践編》四季報で「老舗株」の有望企業を探す
〈コラム〉意外と知られていない旧財閥系の老舗株
",990円（本体900円+10%税）,2022年3月5日（土）,978-4-8156-1219-1,新書,264,https://www.sbcr.jp/wp-content/uploads/2021/09/9784815612191-383x596.jpg
米国株チャート最強の教科書,"
					鎌田 傳：著者				",要素がありません,"
米国証券業界歴20年以上のプロ・トレーダーが初解禁！
銘柄の選び方、売買タイミング、指標の選び方まで
「米国株投資」の決定版！
これから米国株は、長期保有よりも短期トレードで売り抜けろ！
●Twitterフォロワー ８．３万人

既刊の「米国株」投資本でおすすめするのは、ETF（上場投資信託）投資。指数と連動した投資により、中長期間、ほうったらかしで高配当を狙うものです。
たしかに、米国株市場はほうったらかしで中長期でも儲かる場合があるが、じつは、著者の鎌田さんによると、短期間（数日から数週間）のスイングトレード（テクニカル分析）のほうが、より効率的でありリスクとストレスを少なくできるといいます。
そこで本書では、米国証券業界20年以上のプロトレーダーで、いまSNSでも人気を集める鎌田さんが、スイングトレードによる米国株の儲け方をあますところなく公開！
これから米国株を始める初心者はもちろん、今まで勝てなかった経験者も必携のチャートの読み方大全です！
【読者対象】初心者から中級者まで。米国株本はたくさんありますので、次のステップとして、もっと儲けたい人向けにノウハウを解説する。
【目次案】
●プロローグ 米国株だからこそチャートを読み取る力が大事！
●第１章 英語ができなくても「チャート」が読めれば大丈夫
●第２章 日本株をやっている人は見落としがちな米国株の基礎
●第３章 実はけっこう難しい米国株ならではの売買タイミングをマスターする
●第４章 複数の時間軸のチャートを使って売買タイミングを計ろう
●第５章 ひとつの指標をほかの指標と組み合わせる投資でチャンス倍増！
●エピローグ これからの長期投資は株ではなくて金、銀、仮想通貨

","1,650円（本体1,500円+10%税）",2022年2月23日（水）,978-4-8156-1260-3,A5判,160,https://www.sbcr.jp/wp-content/uploads/2021/11/9784815612603-1-419x596.jpg
あなたの人生に最適なお金の増やし方が見つかる　投資図鑑,"
					内藤忍：著者				",要素がありません,"
「で、結局どの金融商品をやればいいの？」の悩みに答える
金融商品にはありとあらゆるものがありますが、いざ自分に適したものを選ぼうとすると、どれもよく見えたりしてよくわからないもの。
本書では、投資家の視点から、様々な商品を解説するとともに、年齢や現在の資産の状況から「こればベスト」な商品を教えます。
著者は、今まで様々な投資を行い、大学の講義から富裕層向けの投資講座まで、投資の手法を教えています。
本書では、様々な投資商品の図鑑だけでなく、資産・年収・年齢などによって最適な「投資の仕方」を説明します。
様々な投資を試した結果お勧めできる内容は、説得力があります。
","1,650円（本体1,500円+10%税）",2022年1月22日（土）,978-4-8156-1350-1,A5判,288,https://www.sbcr.jp/wp-content/uploads/2021/10/9784815613501-1-416x596.jpg
自由に生きるための 地味な投資で2000万円,"
					大西真人：著者				",要素がありません,"
お金の不安が消え、「本当の自由」が手に入る！
「カンタン」「ほったらかし」「月1000円だけ」、
なのに2000万円貯まる！
そんな“米国株インデックス投資”のやり方を、
画面キャプチャーを使いながら丁寧に解説！
―――――――――――――――――――――――
●投資初心者3000人が「自由」を手に入れた！
・貯蓄50万円から15年で貯蓄1800万円達成（30代会社員・独身）
・貯蓄200万円から９年で貯蓄2050万円達成（40代専業主婦・子ども１人）
・貯蓄350万円から７年で貯蓄1900万円達成（40代会社員・子ども２人）
―――――――――――――――――――――――
実は、投資の中には、
・カンタン
・ほったらかし
・１０００円から始められる
・しかも２０００万円貯められる
これらを「同時に満たす」投資が数少ないながらも実在するのです。
それが、本書の「地味な投資」。
実は99％の人が知らない掘り出し物であるため、著者はこのように名付けています。
やり方はとてもシンプル。
証券口座を開いて、「米国株の投資信託」を買うだけです。
世界時価総額ランキングTOP50のうちほとんどを占めるのがアメリカ企業。
「米国株の投資信託」は、そうした多数のアメリカ企業の恩恵を受けながら、しかも投資信託で分散投資をしているから、とにかく安全。
だからこそ、すべての投資の中で「最も元手が少なく、最も安全で、最もお金が増える」最善の投資なのです。
さあ、今すぐはじめの一歩を踏み出し、「自由な人生」を手に入れましょう！
【CONTENTS】
はじめに　地味な投資であなたも「自由」になれる
・「カンタン」「ほったらかし」「安全」なのに、２０００万円貯まる投資があった！
・手数料が安すぎて銀行も証券会社も売りたがらない掘り出し物
・「地味な投資」で投資初心者３０００人が大成功！
・たった１つ「米国株の投資信託」を買うだけ！
・画面キャプチャー付きだから、マネするだけでできる！
序章 　「地味な投資」をする前に、今さら聞けない投資の７つの疑問
・なんで、老後２０００万円必要なの？
・銀行に預けるのが一番安全なのでは？
・貯蓄型の保険ならＯＫですよね？
・投資ってお金を捨てるようなものですよね？ ……など
第１章　 なぜ、地味なのに２０００万円貯まるのか？
・月々１０００円から始められる投資額が地味
・一度投資したら“ほったらかし” 活動が地味
・カンタン手続きが地味
・９９％の投資家が見向きもしない掘り出し物銘柄が地味
・地味なのに「利回り７％」の秘密は「米国株×インデックス」にあり！　……など
第２章　　ＳＴＥＰ１ 地味な投資の「口座」をつくろう
・「地味な投資」の手数料はどのタイミングで、いくらかかる？
・「地味な投資」の口座をつくるなら楽天証券
・実際に、「地味な投資」の口座を開いてみよう
・銀行口座、カードの作り方　……など
第３章　　ＳＴＥＰ２　地味な投資の「銘柄」を選ぼう
・米国株が多い投資信託は最強のパフォーマンスを誇る
・先進国で唯一、人口が増えているから米国経済は強い
・具体的な銘柄名は何？
・実際に、銘柄を買ってみよう　……など
第４章 　ＳＴＥＰ３　地味な投資の「積み立て」を決めよう
・実際に積み立て設定をしてみよう
・どうやって資産が増えているのを確認するの？
・あなただけに合った積み立て額はいくら？――シミュレーションをしてみよう
・お金を引き出すときは「４％ルール」で　……など
特別付録　地味な投資に「おトクな制度」を組み合わせてみよう
","1,650円（本体1,500円+10%税）",2022年1月6日（木）,978-4-8156-1287-0,46判,256,https://www.sbcr.jp/wp-content/uploads/2021/10/9784815612870-2-406x596.jpg
東大生が学んでいる一生役立つ「株」の教科書,"
					伊藤潤一：著者				",要素がありません,"
●現役東大生を中心とする900名の大学生に「本当の株と金融のしくみ」を教える
東大金融研究会とは、東大生を主体に様々な大学生が集まって「投資」や「金融」を学ぶ研究会。この本では、そのなかでも人気の「株」や「投資」の講義をまとめていきます。
●株はロジック！ 日本人のほとんどの投資は間違っている！
著者は外資系のヘッジファンドにて20年間ポートフォリオ・マネジャーとして活躍（日本人としては稀有）。「負けないこと」が優先される中で、ロジカルで再現性の高い投資の仕方で、普通の個人が勝てる方法を紹介していきます。
●口座を開いただけでは利益は出ない
株式投資は口座を開いて始めるのは簡単。でも、それだけでは利益は出ません。一方で、チャート分析は、理解するのが難しいこともあります。
著者の「プロの投資法」は、はじめての方でも、今うまくいっていない方にも、資産設計に役立てていただけるものになります。
【目次】
はじめに
これから社会に出る人と、
社会に出たけれども投資のことを
まったく学んでいない人たちに
●なぜ「投資」が必要なのかを考えてみよう
●日本で48年間働いても生活水準は上がらない
●公務員・自動車・起業 どれを選ぶか？
●日本企業に勤める人ほど「株式投資」をする必要がある
●どんな仕事をしていても「成長」の波に乗れるのが「株式投資」
●日本の「間違いだらけの株式投資」
第１章 多くの人が知らない「株式投資」の基本
■そもそも「投資」ってどんな仕組み？
●プロの投資家と普通の人の違いはどこにある？
■プロが投資する商品、投資しない商品
●外国為替・ＦＸ
●コモディティ（金・プラチナなど）
●暗号資産
●不動産投資
●銀行に預けた場合（預金・定期預金）
●【プロが勧める金融商品】債券
●【プロが勧める金融商品】株式
●【プロが勧める金融商品】投資信託
●投資信託のメリット・デメリット
■「株式」投資ってそもそもどんなもの？
■株式市場は不公平？
●世の中全体の「市場要因」とその会社独自の「個別要因」
●情報の非対称性とは何か
■株式投資をするなら、チェックしておきたい情報とは？
●ＧＤＰなどの経済指標は、実はそんなに見なくていい
■本当に大事な企業情報は個人には入らない<個別要因>
■普通の人が生涯安心できる株式投資とは１
チャートは単なるオカルト？
■デイトレーダーのように画面に張り付かなくても投資は成功できる
■ ネットの情報をうのみにするな！
●これからはこんな業界が伸びる！という情報は？
■個人投資家でもプロ投資家に勝てるフィールドがある
●プロが見ていない「銘柄」がある
第２章 「何を買うか」
■優良銘柄とは何か？
●ＴＯＰＩＸに60％の確率で勝っている22銘柄とは？
■【素人が勝つ株式投資】 時価総額と流動性が低いものを選ぶ
●流動性とサイズを確認しよう
●アナリストがカバーしていない銘柄も個人が勝てるエリア
■ＩＰＯ銘柄を選ぶ
■決算書は「売上高」と「営業利益」だけ確認すればいい
●ＩＲ担当者に上手に質問しよう
■決算書をどう使うか
■実践：決算書で企業の状況を予測してみる
■営業利益を見るポイントは「販管費」
■自分で業績予想を立ててみる：決算書の数値から短期投資をしてみよう
●決算スケジュールを確認しよう
●営業利益の増減だけで十分に勝負できる
●株の値動きだけを見て買ってはいけない
■「バリュエーション」で割安株を見つける
■バリュエーションの代表的な株価指標ＰＥＲとＰＢＲ
■ＰＥＲで株価を判断する
■来期の予想は立てられるのか？
■ＰＢＲは、プロでも難しい
■ＲＯＥは高いほうがいい
●ＲＯＥが高い銘柄を見つける
●ＲＯＥが高い企業は、株価も高いまま維持されることが多い
■バリュエーションで「割安株」を見つける
●割安株・成長株って？
●成長株の見つけ方
●実は難しい成長株
■「大量保有報告書」は誰でも参考にできる情報
第３章 「いつ売買するか」
■株価は上がったり下がったりを繰り返す
■株をはじめるタイミングはバリュエーションでみる
■資産設計としての株式投資① 株式投資との付き合い方を決める
■長期投資と短期投資とどちらがいいか
■資産設計としての株式投資②長期投資と短期投資
■自分に合った「投資期間」を探す
■大損しないために
相手の理屈がわからない時はひとまず逃げる
■「買ったら忘れたほうがいい」は単なる怠慢
■株価が動く範囲はわかる
■分散投資の仕方
■株式投資に使う金額はいくらから？
■おまけ・株式投資をはじめる時に最低限知っておきたいガイド
●証券取引のはじめ方
●一般口座と特定口座 どちらがいい？
●ＮＩＳＡは使ったほうがいい？
●株式を購入する時に知っておきたいこと
●株を売る
●資金が少ない場合は？
●株式情報の見方
","1,650円（本体1,500円+10%税）",2021年10月20日（水）,978-4-8156-1083-8,46判,240,https://www.sbcr.jp/wp-content/uploads/2021/06/9784815610838-2-405x596.jpg
［最新版］まずはアパート一棟、買いなさい！,"
					石原博光：著者				",要素がありません,"
●27刷、累計9万部突破のロングセラー！ 「不動産投資」の最強入門書に、アップトゥデートな情報が加わって最新「令和」版が登場。
●不動産投資を始めるなら、今からでも遅くない！
「空き家問題」も、海外からの遠隔地での管理も、なんのその。満室経営を続ける著者による最強の不動産投資入門。
アメリカから日本の物件を運営している究極の「自動操縦」法、「地方の古い物件って売れるの？」と言われ続けてきた著者による出口戦略、融資を受けづらい時代だからこその新規参入の方法、さらには「不動産業者に聞くこと・物件調査」のチェックシートまで付けて、大幅加筆。
最近はタダで物件をもらったり、買わずに家をただ同然で借りて転貸する手法（「空き家バンク」利用など）も増えてきました。その方法で、忙しくてお金のないサラリーマンの男性が2020年に週末だけ動いて20件の仕入れに成功し、また2つの家はタダでもらって、そのうちの一つを自宅にしているというエピソードも！ 動画では触れていない裏話、再現性の高い方法、でもまだ認知度が低い方法をご紹介。
【改訂ポイント】 ★こんなことを新たに教えます！
１. 今からでも不動産投資は遅くない！ 今始めても儲かるための「アイデア集」
２. フツーの人が不動産投資を始めるのに、最適な「融資」の活用法
３ 「不動産投資ってコワい？！」を払拭する「保険」の活用法
４. ダウンロードして使える.「不動産業者に聞くこと・物件調査」のチェックシート付き
【目次】
●序 章 なぜ不動産投資なのか？
●第１章 地方の一棟アパートか都心の築古アパートを狙え！
●第２章 買ってもいい物件、買ってはいけない物件
●第３章 資産性が低くても、銀行から融資を引く秘訣
●第４章 購入価格は自分で決める！ 値切りの交渉術
●第５章 物件管理はプロにお任せ！ いい管理会社の選び方
●第６章 大家さんの腕の見せどころ！ リフォーム大作戦
●第７章 入居者さん、いらっしゃい！ 満室経営を生む極意
●第８章 入居者が決まったら、いざリスクに負けない運用を！
●ケーススタディ まずはアパート一棟、買いました!
","1,760円（本体1,600円+10%税）",2021年9月25日（土）,978-4-8156-1147-7,46判,320,https://www.sbcr.jp/wp-content/uploads/2021/06/9784815611477-1-406x596.jpg
超・臆病者のための株の教科書,"
					草食系投資家LoK：著者				",草食系投資家YouTuberが教える,"
【チャンネル登録者数10万人突破！ YouTubeで大人気！】
「絶対に損したくない！でも、そこそこ儲けてみたい！」
そんな投資初心者に向けて、いま、草食系投資家YouTuberとして話題の著者が、
損するリスクを徹底的に抑えながら着実に儲けを生み出す「失敗しない」株式投資法を解説！
第１章 損したくない！でも“そこそこ”儲けてみたい！～草食系投資入門～
第２章 まずは“土台づくり”から始めよう～長期積み立て戦略～
第３章 失敗しない！株チャートの読み方～短期コツコツ投資～
第４章 失敗しない！株の選び方～成長株コツコツ投資～
第５章 これで安心！株が下落したときの対応～草食系「守り」の投資～
第６章 これだけ！株チャートのポイント
【特別付録】草食系投資に活かす『NISA』と『iDeCo』
","1,595円（本体1,450円+10%税）",2021年9月23日（木）,978-4-8156-1028-9,A5判,200,https://www.sbcr.jp/wp-content/uploads/2021/05/9784815610289-3-420x596.jpg
38年連戦連勝　伝説の株職人が教える　究極の神チャート術,"
					相場 師朗：著者				",株は３つのサインが読めればいい！,"
初級者が勝つ秘訣！ 
それは、上昇か下落しやすい「ド・ストライク」 の場面でのみ、トレードすることです。
相場式の５つの基本ワザ 、３つサインを伝授。
日本株のデイトレ、流行りの米国株……なんでも稼げる！ 
「ド・ストライク」を狙うには、判断しづらい局面を避けること、そして今がどのような局面か、また上昇か下落かを示すサインを読み取る必要があります。
そのサインは１つよりも２つ、２つよりも３つと多ければ多いほど、高精度で予測できるようになるでしょう。できれば、サインは３つくらい読み取ってほしいものです。
「PPP」「ものわかれ」「W 天井、W 底」などの上昇、下落のサインを読み取って、勝率を上げていきましょう。
*****
38年連戦連勝、株式投資界のレジェンドが「チャートリーディング」（株価先読み）が授けます。
・経済状況や企業業績などの難しい分析は必要ナシ
・日中働いている人でも株式相場に張り付く必要ナシ
・取り組む銘柄の選定がわかるようになる
……
難しい指標や、ファンダメンタルズ分析、いろんなサインの暗記はいりません。
さらに、「100日線」の新たな視点を加えて、ホンモノの洗練された株の技術をお届けします。
*****
株素人が１億円を稼ぐための全７章
第１章 「例題と解説」でトレードの大枠をつかむ！
第２章 株の技術を習得するための「５つの基本」
第３章 「移動平均線」という道具で株価の動きを予測する
第４章 例題を解きながら「５つの基本」をマスター
第５章 どんな相場でもがっつり稼ぐ「建玉」の作法
第６章 技術を磨けば「デイトレ」で毎日稼げる！
第７章 チャートが読めれば「米国株」でも稼げる！
","1,650円（本体1,500円+10%税）",2021年3月20日（土）,978-4-8156-0991-7,A5判,224,https://www.sbcr.jp/wp-content/uploads/2020/12/9784815609917-1-396x596.jpg
年収200万円の私でも心おだやかに毎日暮らせるお金の貯め方を教えてください！,"
					坂本 綾子：著者				",要素がありません,"
30万人を変えた超人気FPに本音で聞いてみた、低年収・知識ゼロからのすごい貯金の方法！
マネーリテラシーゼロ・年収200万円でも、すぐに「貯められる体質」に変わるための方法とは？
【30万人を変えた超人気FPに本音で聞いてみた、低年収・知識ゼロからのすごい貯金の方法！】
「私って、もしかして死ぬまで貯金ゼロなんですか…？」
「いいえ、貯金は誰でも一瞬でできちゃうんです！」
大人気FPが、先生もお母さんも誰も教えてくれなかったお金の基本をチョーていねいに解説！
マネーリテラシーゼロ・年収200万円でも、すぐに「貯められる体質」に変わるための方法とは？
・節約してムダ使いしていないはずなのに、なぜか口座にお金がない →銀行の自動積立機能を使おう
・ついついリボ払いで払ってしまった →いざというとき使える利率の低い公的融資を知ろう
・働けなくなったら、私人生詰みます…… →日本の保険制度を知って、安心感を取り戻そう
こんなリアルで切実な悩み事に、大人気FPが超わかりやすく答えます！
１章 まずは心を落ち着けよう 【マインド編】
「お金なさすぎて、もうメンタルやばいです……」 3ヶ月生きていけるお金があれば、不安の7割は取り除ける
「バリキャリの友達とランチしたら3000円も飛んでいきました」 前向きにお金を使える状態になると人生が楽しくなる
「お金がなかったら、子どももつくっちゃいけないんですか？」 いつ、何に、どれくらいかかるのかがわかれば人生の選択肢は広がる
「もう誰にも、お金のことでグチグチ説教されたくない！」 自由を手に入れるためにお金の基本を学ぼう
２章 いくら貯めたらいいのか知ろう 【貯め方編】
「手取り17万円でも100万円って貯められますか？」 ゴールは現実的にすればするほど貯まる
「節約してるのになぜか口座からお金が消えてます」 貯金の原則は”先取り”。積立定期預金を設定しよう
「お得な銀行、教えてください！」 金利が高くて手数料無料のネットバンクを使おう
「家計簿ってつけなくちゃダメですか？」 家計簿は超ラフに1ヶ月だけつけるだけでも効果アリ
「やっぱり月末にお金なくなったらどうしよう……」 1週間単位で使えるお金を決めて、5週目で帳尻を合わせよう
３章 お金がなくなる原因を見つけよう 【使い方編】
「もうハーゲンダッツは食べちゃダメですか？」 100回の我慢をなくせる、1回の改善を目指そう
「財布がクレカでパンパンです」 お金の「動線」を一本化して流れが見えるようにする
「じつはリボ払いしちゃってるんですけど……」 本当に必要な時は公的融資を使おう
「賃貸はやっぱり損なんですか？」 持ち家・賃貸には意外と差がない。自分の価値観に従って決めよう
「もしローンを組むなら、たくさん借りたほうがお得ですか？」 銀行ローンの相場観と取れるリスクの簡単な計算法
「結婚・出産が不安すぎます」 “普通の人生”でざっくりかかる重要イベントの金額を知ろう
４章 何があっても生きていける自信をつけよう 【保障・手続き編】
「えっ、年金って払ったほうがトクなんですか？」 国民保険は義務だしオトク。必ず払っておこう
「老後のために2000万円なんて貯められないんですけど…」 じつはもっと少なくてもいい老後の備え
「いま入ってる保険、高すぎですか？」 日本の社会保障は超優秀！ 高額医療費制度でだいたいのことはカバーできる
「私、働けなくなったら本当に”人生詰む”んですが……」 失業保険、傷病手当金、障害者基礎年金。もしものときの保障を知っておこう
５章 これからの年収の増やし方を考えよう 【稼ぎ方編】
「スキルなし・自信ゼロの私でも、まだ収入増やせますか？」 目に見えない”1億円の資産”を生かして年収アップを目指す
「5年勤めたら正社員になれるってホントですか？」 じつは改善されている法律のしくみを知っておこう
「日本の税金ってなんでこんなに高いんですか！」 天引きされている税金の種類と、節税の方法
「貯金を投資するなら、絶対損したくないんですけど……」 つみたてNISAとiDeCoを超保守的にはじめてみる
「結局、どうやったらお金のことを考えずに暮らせるようになるんですか？」 お金の備えをしておけば、いつものお金の不安がなくなる。幸せに生きるための貯金を目指そう
","1,430円（本体1,300円+10%税）",2021年2月18日（木）,978-4-8156-0914-6,46判,224,https://www.sbcr.jp/wp-content/uploads/2020/11/9784815609146-407x596.jpg
これからのお金の教科書,"
					田端信太郎：著者				",年収の伸びしろがケタ違いになる視点65,"
田端信太郎が説く、社会人の「お金の基本」
【日本トップレベルのビジネス系インフルエンサー 田端信太郎の最新刊！】
22万人が注目する日本最強のサラリーマンである著者が、
会社員でありながら人の１０倍稼ぐ”ニューエリート”の「リアルなお金の使い方」を紹介。
大富豪・起業家・ファンドマネージャーが語るような、武勇伝・結果論・ポジショントークは一切抜き！
きみの等身大なお金の悩みを、会社員のイチ先輩として、赤裸々な体験談を交えて解消します。
たとえばきみのこんな不安に答えます。
・会社員で稼ぐのって、やっぱり限界がありますか？
・給料が安い現状を抜け出したい！ 何を考えるべき？
・いまから何に投資したらいいですか？
・年収1000万円以上のハイクラス転職はどうすればできますか？
・ローンは組むべき？ 何年ローンまでならいいの？
右肩上がり前提の古いお金マインドを脱却して、景気の波を乗りこなす新しいマネーリテラシーを身につけよう！
はじめに
Chapter 1 「お金」に支配される人生を抜け出す
 「お金」を通して自分の人生を選択できる
 自分の人生に真剣になれない奴が稼げるはずがない
 自分にとって何のためにお金がいくら必要なのか言えるか
 稼ぐ力はあったほうがいいが、稼げばいいという話でもない
Chapter 2 「使い方」を変えてお金への主導権を握る
 一見、お金と遠いところにお金のヒントがある
 必要のないところにはお金をかけなくていい
 人に食事を奢ることはなぜいいのか
 お金を「使う」のではなく「回す」
 何にお金を払うかは民主主義の投票と同じである
 生産性度外視でお金を使えるものも大事にする
Chapter 3 「給料」だけでは永遠にお金持ちになれない
 会社はただの概念にすぎない
 「時給」で働いている限り永遠にダメなことに気づけるか
 月収１００万超えで日常生活の何が変わるか
 給与所得だけでは豊かさにはたどり着けない
 サラリーマンでがんばっても最高税率55％で報われない
 「ずるい」という言葉を使うのをやめろ
Chapter 4 「資本」を増やして資本主義社会を乗りこなす
 すべて平等が本当にいいことなのか
 自分のバケツを大きくしない限り水は貯まらない
 労働自体には何の価値もない
 名前の出ない仕事はするな
 君が何者かよりも「何ができるか」がすべて
 みんなが遊んでるときに自己投資できるか
 年収１０００万未満ならＴＯＥＩＣのスコアを上げたほうが給料の差が付く
 自分が今いちばんコントロールできるものに集中する
Chapter 5 「稼ぐ」ための視点を手に入れろ
 情報の落差を常に持ち続けられるようにする
 お金の「使い方」「稼ぎ方」どちらもテクノロジーでレバレッジをかける
 銀座で１杯１０００円のコーヒーが出せる本当の理由
 「価格」と「価値」の違いを理解できているか
 仕事の利益を最大化する値付けの思考法
 経済の大きな話より「会計」がわかるようになれ
Chapter 6 「ローン・保険」で後悔しない判断軸を持て
 自分のセーフティーマージンを知っておく
 「分譲ＶＳ賃貸」より大事なことはどう暮らすか
 低金利時代にはキャッシュに手を付けるな
 金利に鈍感な人はお金持ちにはなれない
 退屈な正論に振り回されてはいけない
 本人のリアルの話がないお金の専門家を信じるな
 フラット35なら「団信」はつけるな
 生命保険よりインデックス投信で積立して備えよ
 売却するとき誰が買うかどれだけイメージできるかで買え
 賃貸なら「貸主」が誰か知っておく
 節税でお金持ちになった人はいない
Chapter 7 「投資」の思考法で人生にレバレッジをかける
 現金にこだわる人ほどお金が行方不明になる
 悪魔のリボ払いにだけは近づくな
 自分の通勤時間の年間損失額はいくらか
 新幹線は、一瞬も迷わずグリーン車に乗れ
 「時間を買える」いい家電を買え
 あらゆるものを「坪単価」で考えてみる
 最低限知っておくべき収益還元法
Chapter 8 「転職」をしてお金が勝手に集まる場所に立つ
 嫌ならいつでも辞められるように自分を磨いておけ
 その会社で偉くなってもしょうがない
 イマジネーションの広がらない仕事はするな
 外の世界を知らない人たちの話を真に受けるな
 ストックオプションの「餌」には気を付けたほうがいい
 大きな波に乗れる転職なら給料が下がるのもアリ
 結局、誰に評価されるかが１００％の本質である
 いい人材になれば転職できると思ったら甘い
 筋のいい転職先はエアポートテストで選べ
 被害者意識の強い人は採用を避けられる
 あらかじめ「失敗」を組み込むのは正しい
 「嫁ブロック」を回避するには
 「趣味×実益」が最強ということを知ってるか
 正しいときに正しい場所にいろ
 「運」だと思えるぐらいの謙虚さも隠し持て
おわりに
","1,540円（本体1,400円+10%税）",2020年10月22日（木）,978-4-8156-0723-4,46判,216,https://www.sbcr.jp/wp-content/uploads/product/4815607234-1-406x596.jpg
長期×短期　最強の組み合わせ投資,"
					山下 勁／福井元明：著者 / 小林昌裕（副業アカデミー）：監修				",プライベートバンカー×億超えトレーダー,"
「おこづかいや生活資金にしたいから、短期で儲かる投資がしたい」
「老後資金のために、長期投資で値上がりし続ける株がほしい」
日銭を稼ぐ短期投資にも、将来にそなえた長期投資にも対応する――そんな両方のいいとこ取りをする株式投資を教えます。
教えてくれるのは、投資のプロのこのふたり。年収１億円超えトレーダーのけいくんと、元メガバンク・独立系プライベートバンカーの福井さん。
●けいくんが実践する「短期投資」＝テクニカル投資
●福井さんが教える「長期投資」＝ファンダメンタルズ投資
本書の読者は、「テクニカル×ファンダメンタルズ」を組み合わせ、弱点を補い合うことで、より精度の高い投資にチャレンジしましょう！
【著者略歴】
●山下 勁（やました・けい）
◎株式トレーダー
◎1986年神奈川県生まれ。大学在学中の20歳のときに、株式投資を始める。初めての株式投資で、原資の50万円を600万円に増やすビギナーズラックを経験。ちょうどその頃、20歳からの２年間、束縛の強い彼女に軟禁されながら、「再現性のある儲かる株式投資」を追究。23歳で1200万円の原資を3200万円に増やし、25歳のときには、独自のテクニカル投資を完成させる。2019年の株式投資による利益は１億円超。
◎現在は「副業アカデミー」で株式投資の講師を務めるかたわら、主夫として家事・育児に尽力中。趣味は「ポケモンGO」。
◎著者に『中華屋アルバイトのけいくんが年収1億円を稼ぐ1日1分投資』『見習いカメラマンのけいくんが年収1億円を稼ぐ 月3分投資』（小社刊）などがある。
●福井元明（ふくい・もとあき）
◎株式会社Wells Partners(ウェルズ・パートナーズ) 代表取締役CEO、独立系プライベートバンカー
◎1985年鳥取県生まれ。慶應義塾大学経済学部卒業後、みずほ銀行に入行。在籍期間中に、数々の社内表彰を受賞するとともに、税理士法人やプライベート・バンキング業務を行うスイス現地法人への出向を経験し、国内外の幅広い金融商品や金融知識に精通。富裕層および国内外のファミリーオフィス、事業法人向けの資産運用、助言、融資業務などを行う。
◎2019年、真に顧客志向の金融サービスを提供するために独立起業し、現職に就く。総資産数百億から数千億円規模の顧客（上場企業の創業家、芸能人、スポーツ選手、政治家など）の資産運用・資産保全に従事する。
●監修：小林昌裕（副業アカデミー）
「収入の柱を増やし、人生を選べるようになっていく」ことを理念とする、副業アカデミーの代表。現在は、20あまりのキャッシュポイントを持ち、クライアントの収入の柱を増やす活動に尽力している。
●序章 個人投資家けいくん、プライベートバンカーと出会う
●１章 投資するのに「いい会社」の定義って何？
・福井さんのファンダメンタルズ投資
・「いい会社」だから買うのは、実は雑なトレード
・方向性は「ファンダメンタルズ」、タイミングは「テクニカル」で決める
・勝ちやすいファンダメンタルズ投資とは？
……etc.
●２章 短期で儲かるトレードで大事なこと 
・けいくんのテクニカル投資
・トレードでは「出口」が大事
・大事なのは、上にいくか下にいくかの方向性
・上昇をとるなら、どこまで上がるかの分析が大事
・100円が190円まで上がろうと、最初の110円で利確する！
……etc.
●３章 投資能力が抜群に上がる！ いいとこ取り投資
・ファンダメンタルズとテクニカルのいいとこ取りで、より確度の高い投資を
・具体的な企業を例に、「いいとこ取り」投資を教えます
【一般的なファンダメンタルズのメリット・デメリット】
◎短期的なトレンドに惑わされずに、心にゆとりが持てる
◎企業の成長に投資をし、自分の予測が当たった場合の醍醐味が大きい
×儲けるには、資金と時間が必要
×分析が初心者には難しい
【一般的なテクニカルのメリット・デメリット】
◎早くに（短期で）勝負が決まる
◎ルールにのっとって行うので初心者でもやりやすい
×１回のトレードの利益を薄く何度も行う「薄利多売」
×こまめに行うのでめんどくさい
×もっと待っていれば、もっと上がったのに……という「儲け損ねた」感がある
●４章 プロの投資家が実感する相場の教えとは？
「二度に買うべし 二度に売るべし」
「三割高下に向かえ」
「休むも相場」
「閑散に売りなし」
「大もちあいは大相場」
……etc.
","1,540円（本体1,400円+10%税）",2020年9月19日（土）,978-4-8156-0619-0,46判,144,https://www.sbcr.jp/wp-content/uploads/product/4815606190-1-402x596.jpg
37年連戦連勝　伝説の株職人が教える　株の技術大全,"
					相場師朗：著者				",要素がありません,"
トレードで勝つ秘訣！ 初級者は「ストライク」のチャートにだけ手を出せばいい。
「ボール球には手を出さない」。これは、野球における好打者の条件です。悪球に手を出す選手ほど、打率は低いもの。
では、株式投資におけるいいトレーダーの条件とは何でしょう？
それは、「ストライクゾーン」にある銘柄（チャート）だけに手を出せること。とくに初級者ほど、自分が勝てる「ストライク」銘柄を見極められるかがキモです。
本書では、株の初級者向けに、勝ちにいける「ストライク」のパターンを伝授します。
野球の好打者が優れた選球眼を持つように、いいトレーダーも「勝ちにいける」場面かどうかという基準を持っています。
みなさんも、まずは「ストライクゾーン」を見極めて、月15万円を確実にかせげる技術をものにしましょう！
さらに、本書では、「手を出さないほうがいい」だましチャートの見方も初解禁！ 「アウト」と「ストライク」の両面から、とことん丁寧に株チャートの見方を解説していきます。
Good TRADING!
トレードで勝つ秘訣！ 初級者は「ストライク」のチャートにだけ手を出せばいい。 
「ボール球には手を出さない」。これは、野球における好打者の条件です。悪球に手を出す選手ほど、打率は低いもの。
では、株式投資におけるいいトレーダーの条件とは何でしょう？ 
それは、「ストライクゾーン」にある銘柄（チャート）だけに手を出せること。とくに初級者ほど、自分が勝てる「ストライク」銘柄を見極められるかがキモです。
本書では、株の初級者向けに、勝ちにいける「ストライク」のパターンを伝授します。
野球の好打者が優れた選球眼を持つように、いいトレーダーも「勝ちにいける」場面かどうかという基準を持っています。
みなさんも、まずは「ストライクゾーン」を見極めて、月15万円を確実にかせげる技術をものにしましょう！
さらに、本書では、「手を出さないほうがいい」だましチャートの見方も初解禁！ 「アウト」と「ストライク」の両面から、とことん丁寧に株チャートの見方を解説していきます。
Good TRADING! 
序 章 勝てる「技術」はチャートが教えてくれる 
01 株価 どんな上昇銘柄も下落銘柄もいつかは天井や底を打つ
02 エントリー前 自分自身にひと声「待て！」と呼びかけよう
03 7つ道具 トレードに勝つのに必要な「７つ道具」とは？
第１章 【技術編】勝つトレードはストライクゾーンだけ狙えばいい 
⇒初級者でも勝ちやすいエントリーポイントを教えます！ 
01 ストライク 判断の難しい局面では手を出さない！
02 移動平均線 高精度のトレンド予測を実現するアイテム
03 移動平均線 100日線を使い、トレンド予測の精度を高める
04 移動平均線 トレンド転換の初動「夜明け前」を知る
05 エントリー パターンで覚える！ 勝てるエントリーポイント
06 エントリー ５日線と20日線の「ものわかれ」で売りを狙う
07 利益確定 「日柄」から天井圏、底値圏を判断する
08 利益確定 「９の法則」でトレンドの頭打ちを察知する
09 トレンド 流れが読めないところではエントリーしない
10 横ばい局面 横ばいを観察してエントリーポイントを探る
11 ストライクゾーン イレギュラーな局面はボール球と思って見逃す
12 週足 週足、日足を駆使してトレードの作戦を練る
13 週足 予測通りの動きをしたとき、違う動きをしたときの対処法
14 月足 月足、日足を駆使してトレードの作戦を練る
第２章 【実践編】相場式３大トレードでストライクを狙い撃ち 
⇒初級者向け「ショットガン」、中級者向け「ショートトレード」、上級者向け「うねり取り」の手法を、とことん丁寧に解説します! 
01 ３大トレード 初級、中級、上級レベルの３大投資法
02 ショットガン 先の読めない相場でこまめに利益確定を狙う！
03 富士フイルムＨＤ 5日線が20日線を抜いた「夜明け」はチャンス
04 フルキャストＨＤ ものわかれ後の安全圏で上昇の利益を取る！
05 SUMCO 根拠のあるトレードが勝ちにつながる！
06 SUMCO PPPでトレンド安定時には「17の法則」を活用
07 ショートトレード 「建玉の操作」でリスクをかわしながら利益を狙う！
08 SUMCO ショットガンから入って、ショートレードへ移行する
09 SUMCO 買いヘッジでリスクを回避し、売り増しもかけるワザ
10 SUMCO 「建玉の操作」で売りも買いも攻めていく
11 サイバーエージェント 下落局面の「ものわかれ」で売りを仕込む
12 補講 ヘッジを使って損失を抑え「保険」をかけよう
13 うねり取り 上昇も下落も、すべてを利益に変える壮大な投資手法
14 千葉銀行 上値1000円、下値500円のボックス圏でトレードできる
15 ソニー うねり取りにあまり適さないチャート実例
16 いちご 上値500円、下値300円のボックス圏でトレードできる
17 日本水産 上昇時に、次の下落を狙って売りを仕掛ける「売り上がり」
巻末特典 図で覚える相場式売買シグナル 
◎７つ道具 
移動平均線/局面/節目/前の高値/前の安値/９の法則/17の法則
◎３つのシグナル
PPP（逆PPP）/下半身（逆下半身）/ものわかれ
","1,540円（本体1,400円+10%税）",2020年3月20日（金）,978-4-8156-0491-2,A5判,160,https://www.sbcr.jp/wp-content/uploads/product/4815604912-1-421x596.jpg
アメリカの高校生が学んでいるお金の教科書,"
					アンドリュー・O・スミス：著者 / 桜田 直美：訳				",要素がありません,"
【大反響！ 累計１５万部突破のベストセラー】
金融教育先進国・アメリカでは、
高校の授業で、「お金」の基本を学びます。
「将来のために貯金しよう」「株ってどんなもの？」などといった、
世の中のお金の本でよく言われるようなことだけではありません。
「破産とはどんなシステムか？」「金融詐欺に騙されないためにどうすべきか？」「老後資産にはいくら必要か？」
――人生のありとあらゆるライフステージごとに、お金とどう付き合っていくべきかを体系的に学びます。
就職、結婚、マイホーム購入……わたしたちが人生で重要な選択をするとき、
それらすべてが「お金」と切っても切り離せない関係にあります。
お金について考えることは、自分の人生について考えることでもあるのです。
一冊で一生モノのお金の基礎知識が身につく、
世界一やさしい入門書！
","1,650円（本体1,500円+10%税）",2019年11月20日（水）,978-4-8156-0291-8,46判,376,https://www.sbcr.jp/wp-content/uploads/2019/08/9784815602918-5-407x596.jpg
資本主義ハック,"
					冨田和成：著者				",新しい経済の力を生き方に取り入れる30の視点,"
10万部突破『鬼速PDCA』著者最新作！
資本主義社会の仕組みを“ハック”すると、最速で思い通りの人生が実現できる！
★ 本書のコンセプト
 「自分の人生が自分のものでないような気がする」→それは“資本”に気づかず、無意識に支配されてしまっているから
 この日本は資本主義社会だということは知っているだろう。ではあなたは“資本”とはなにか、答えられるだろうか？
 自分もひとつの資本であるということを理解して生き方を変えると、収入が増えるのはもちろんのこと、理想のライフスタイルが手に入る
★ 資本とは？
 経済学的に言えば「価値を生産するもの、またはその手段」
 あなた自身も、「人的資本」という資本のひとつ
 そのほかに「金融・固定資本」「事業資本」がある
 これらを組み合わせて、増やしたものが勝者となる。これが資本主義社会の「ルール」
★資本を増やすためのハック、勢揃い！
 1日24時間を240時間にする方法
時間は誰もが一日24時間で平等」ではない。
自分が行えば216時間分の作業を、他者や時短家電などの仕組みにアウトソーシングすれば、
自分の24時間と合わせて10倍の240時間にだってできる。
 「周囲の人には臆せずビジョンを示せ」
人の評価は株式市場と同じく、実績ではなく将来への期待値で評価されるのが社会の原理。
であれば、いかにスケールが大きい未来のビジョンを持っているかを周囲に示すことで、
いま動かせる資本の量に大きくレバレッジがかかる
 「株を買うなら新興銘柄を長期保有する」
機関投資家は、数年という短期で投資成績を出すことが求められる。
また、マーケットが小さい新興銘柄の分析には手が回っておらず、
取引の少ない新興銘柄では巨額の取引が成立しない。
よって私たち個人投資家としては、成長の見込みがある新興企業の株を、
長期で保有するのが、プロ投資家の穴をつくポイントだ。
 「車や時計は高い方が逆に割安になるという現象」
中古で売ったりシェアリングサービスに出したりすることを考えれば、
高級車のほうが安いということが往々にしてありうる。
車を含む高い買い物をする際には、
「（購入価格.売却価格）＋（購入価格×年利回り×保有期間）」
という計算式に当てはめて、トータルの価値で判断する
他、資本主義社会で生きる上で重要な“ハック”を圧倒的な質と量で紹介！
＜目次＞
はじめに
【序章 資本主義はあなたのためにある】
「資本」がわかると世界を前向きに進める
お金・時間・資本をループさせる
一人の発想の限界を超えた夢を実現できる
国家の時代、企業の時代、そして個人の時代へ
世間が抱く資本主義への3つの誤解
誤解①格差が覆せない世界である
誤解②大企業に入らなければ「負け組」である
誤解③資本主義社会は崩壊する
「アービトラージ」でマネーゲームをクリアする
アービトラージとは何か
最年少記録を作った営業でのアービトラージ
４つの個人資産をハックする！
人的資本（２章）
金融資本・固定資本（３章）
事業資本（４章）
自分に合った資本戦略
【１章 アービトラージに役立つ４つの視点】
視点① すべては「因数分解」からはじまる
因数分解の先にある天と地ほど離れた結果の差
確率論で見えてくる”運”の正体
因数分解は5段目まで深堀りする
視点② 常に正解は他にある
世界は常に変化する
二元論という病
視点③ 期待値と実態値のズレこそ勝機
ＰＥＲ思考を持て
魔法が解ける前に追いつけばいい
視点④ 目標は高くしたもの勝ち
物質の成長と価値の成長の違い
青天井の成長のための「リミッター外し」
目標設定に現実味を与える「メタ認知」
【２章 人的資本 あらゆる資本の元手を生み出す知識・信用・人脈】
３要素からなる人的資本
時間のアービトラージと人的資本
資本と時間の関係
アウトソーシングで24時間を２４０時間にする
時間を二重・三重に使う「ながら思考」
時間価値が低いときほど時間の切り売りを避ける
未来の事業を先読みしたスキル習得を目指せ
個人のＰＥＲをコントロールする
臆せず大法螺を吹け！
右肩上がりを予感させるように実績を語れ
ポジション取りで優位に立つ
早く結果を出したほうが有利
フラットな社会ほど際立つリーダーシップ
リーダーシップというアービトラージ
意義や意味付けの価値が高騰し続けている
感情を揺さぶるストーリーテリングの力
「ギグエコノミー」を使って動的にプロジェクトをマネジメントする
人的資本を縛る「重力」の存在
サラリーマンとしてそこそこ稼いでいるのになぜお金が増えないのか？
人的資本と事業資本の「重力」の差
フリーランスはどんどん法人成りしていく
人的資本の蓄積は足がかりにすぎない
人的資本を通した子どもへの「税率０％」の相続
【３章 金融資本・固定資本 10年後の未来を読むハイリターンの投資法】
元手が少なくても可能な「個人VC戦略」
投資に消極的な日本人
元資が十分でないなら値上がり狙い
金融投資は事業スキルの向上にも好影響となる
プロと勝負せずに勝つ投資の視点
視点①長期保有をする
視点②新興銘柄を狙う
視点③消費者目線でブームを捉える
視点④経営者のビジョンで将来性を測る
テンバガー株が乱立、予測も容易に!?
盛り上がる相場の先読みができる「ハイプ・サイクル」
金余りの世界で最後にお金が流れ着く場所を推理する
未公開株市場の門戸が開きだす
個人ＶＣ戦略を可能にする株主コミュニティ制度
小口でもエンジェル投資家になれる株式投資型クラウドファンディング
プロ投資家しか投資できないＰＥファンドへの抜け道
固定資本に起きている「利回り革命」
セカンダリーマーケットを見据えた新しい所有の形を取り入れる
Airbnbがもたらした「家を一部だけ持つ」という選択
いい車ほど金を生む!?
不動産投資のまったく新しい選択肢
ＲＥＩＴ
不動産クラウドファンディング（匿名組合型）
不動産特定共同事業（任意組合型）
負債とは便利なテコである
成功者を成功者たらしめるリスクコントロールの力
【４章 事業資本 圧倒的なレバレッジで個人の限界を超えた成功を目指す】
リターンの大きさを求めると最後は事業資本に行き着く
事業資本に大きなレバレッジが効く２つの理由
金融資産10億円以上の富裕層の９割は法人持ち
事業資本というエンジンを使いこなす、リスクとリターンの調整法
起業のリスクを最小限に抑える方法
リスクの最小化① 事前の徹底した検証
リスクの最小化② 固定費を極限まで抑える
リスクの最小化③ 「最悪食っていける」を作る
リスクの最小化④ 事業の分散
リスクの最小化⑤ 借り入れを抑える
リスクの最小化⑥ 再チャレンジできる条件を守る
自分のポテンシャルに市場のポテンシャルをかけ合わせる成長法
化ける事業モデルは７つの「ズラし」で見つかる
ポジション取りを変えながら指数関数的に事業を伸ばす
シナジーを生み出すアライアンスに必要な７つの視点
投資家は何を見るか？
ビジネスのアクセルを踏む最高のタイミングを見極める
ＣＰＡとＬＴＶ
限界費用ゼロモデル
ＣＰＡとＬＴＶは「二重、三重」に作る
おわりに
","1,650円（本体1,500円+10%税）",2019年9月19日（木）,978-4-8156-0185-0,46判,272,https://www.sbcr.jp/wp-content/uploads/product/4815601850-412x596.jpg
3000万円大損したボクが月300万円稼げるようになった　世界一シンプルなFX,"
					野田しょうご：著者 / 小林昌裕（副業アカデミー代表）：監修				",要素がありません,"
FXにボコボコにされた大学生が、週１のゆったりトレードで月収300万円を稼げるようになったワケ
●Prologue 副収入が欲しいなら、シンプルな稼ぎ方を選べ！
●Lesson１ 稼げるトレーダーは「ライン」を引くのがうまい人
●Lesson２ イメージ力を鍛える！ デモトレードのポイント
●Lesson３ 実弾投入！ 市場の心理を見抜いてちゃっかり勝ち抜け
●Epilogue ラインの引き方がわかる実戦クイズ
証拠金500万円を500倍以上のレバレッジがかけられる海外FX口座に入れて、月利50～100％、月に200万～500万円、平均して月額300万円をコンスタントに稼ぐ著者。
しかし！ 著者は一朝一夕に、月額平均300万円を稼げるようになったわけではありません。
さかのぼること８年前、大学生時代に、ＦＸで3000万円（元手は株と塾講師のバイトで貯めた）を損切りした超ビターな経験をしたからこそ、切磋琢磨した今があるのです。
そして本書は、3000万円を溶かしたときに「お願い！ 神様！！」と神にもすがる思いを抱いた大学生の野田くんに、現在の著者がアドバイスするというパラレルワールド方式の物語。
大学生時代の著者は「レバレッジって何？」「強制ロスカットって何？」という超ド素人状態で、「なんとなく儲かりそう」という半ばカンでトレードをして、損益割合は「１：３」くらい（コツコツ稼いでドカンと負ける結果に）。
ところが、現在は損益割合が「１：７」。しかも、２％損したら「損切り」と決めているので、かすり傷程度で済んでいます。
しかも、再現性のある方法で、コンスタントに稼ぐこともできているのです。
本書では、FXの仕組み、レバレッジとは何か？ という基本から、口座の開き方、超初心者は「このステップだけを覚えて！」という３つを紹介。
「FXって何？」という人でも、２時間で理解できて、明日から口座を開いて、取り引きできるようになります！
●ドリルをサクサク解いて、レベルアップ
著者なりのチャートの見方を授けるのに、ドリル形式という手法を使う。投資家心理が如実に表れる「ローソク足チャート」から、先回りして有利に投資する方法を紹介。
出題は、白紙のチャート。問いは、それをどう読み取るか？ 解答は、著者の解説という具合に、Q&Aドリルを掲載。ドリルを解いていくことで、レベルアップしていく。
※教えるのは、今の月収300万トレーダーの野田さんで、教わるのは3000万円ロスカットをした大学生の野田くんというパラレルワールド＆成長ストーリー
","1,650円（本体1,500円+10%税）",2019年8月22日（木）,978-4-8156-0175-1,A5判,176,https://www.sbcr.jp/wp-content/uploads/product/4815601751-4-422x596.jpg
20年勝ち続ける伝説のトレーダーに10倍大化け株の見つけ方をこっそり教わってきました。,"
					坂本慎太郎：著者 / 村山宇希：イラスト				",要素がありません,"
類書史上一番、楽しくて、役立つ！（＝儲かる！） ファンダメンタル投資の本です
「どの銘柄を買っていいのかわからない！」
「日々の値動きに動揺したくない！」
誰でもアクセスできる情報から、買ったら放置で待てばいい！
【本書は、こういう人にオススメです】
●銘柄の見つけ方がわからない人
・「市場で過少評価されている企業」を見つける方法がわからない人
・企業分析しても、やり方にモレがあって、必要不十分な人
・成長株、割安株を見つけたい人
●中長期ほったらかしで、その分、大きく儲けたい人
・就業時間中に株価を気にしたくない人、値動きに動揺したくない人
・ほったらかしの中長期投資をしたい人
・ギャンプルではない投資をしたい人
【この本で得られるもの】
●銘柄選択のための、王道の分析からマニアックな分析まで、わかりやすく
・王道の企業分析から、重箱の隅をつつくようなマニアックな分析までわかる。
（人と同じことをしていては勝てないので、マニアックな分析が著者ならでは）
●ストーリー仕立てで楽しくわかる
・難しいとされるファンダメンタル分析を、読者モデルの山田くんと著者による漫才のような解説と、多数の図解で、楽しんで身につけることができます。
【内容】
初心者・初級者トレーダーの悩みは何でしょう？
「どの銘柄を買っていいのかわからない」
「買ったはいいものの、日々の値動きにビクビクしている」
ということではないでしょうか。
証券会社のディーラー時代に月に5000万円以上の利益を出し（当時の年収は１億円超）、
かんぽ生命のファンドマネージャー時代には10兆円規模の運用を行っていた坂本さん。個
人投資家としては、昨年、150万円を１年半で5000万円にまで増やしました（公開用の投資）。
「勝ち続けることは不可能に近い」といわれる株の世界で好成績を上げる陰には、IRフェアに足しげく通い、優良中堅企業を探り当てる眼力があった。
王道のＩＲ分析から、マニアックな視点まで、わかりやすくて楽しい♪ レッスン15
","1,540円（本体1,400円+10%税）",2019年6月19日（水）,978-4-8156-0251-2,A5,160,https://www.sbcr.jp/wp-content/uploads/product/4815602512-420x596.jpg
【最新版】本当にお金が増える投資信託は、この10本です。,"
					篠田 尚子：著者				",要素がありません,"
２０１７年刊行の著書で勧めたファンドの的中率、驚異の100％！！
現在、日本国内には6000本以上の投資信託の商品がある。
商品数の多さと、内容の複雑さから、一般の人がすべての商品を把握することはもちろん、資産形成により効果的なものを選ぶこともほぼ不可能となっている。そんな状況の中、投資信託に関して日本No1のアナリストの著者は、処女作『本当にお金が増える投資信託は、この10本です。』において、6000本の中から、儲かる商品をズバリ10本紹介。その10本すべてが、2018年12月現在で運用実績が好調となっている。
そこで、本書では、刊行から２年経ち、最新の市況を踏まえて前著で紹介した10本の運用状況を振り返りつつ、新たな投資信託も紹介する。
■目次：
はじめに
お金を増やしたいなら、「本当に優れた投資信託」を買いなさい！
第１章 世間に広まる投資信託の「常識」は間違いだらけ
第２章 分析のプロが明かす「判断基準」
第３章 【最新版】本当にお金が増える投資信託はこの10本！
第４章 投資信託の「購入時」と「購入後」に気を付けたいこと
第５章 リスクと上手く付き合うコツ
第６章 「脱・初心者」でさらなるステップアップを目指す
","1,540円（本体1,400円+10%税）",2019年6月5日（水）,978-4-8156-0173-7,四六,224,https://www.sbcr.jp/wp-content/uploads/product/4815601737-399x596.jpg
36年連戦連勝　伝説の株職人が教える！株チャート図鑑,"
					相場 師朗：著者 / 伊藤美樹：イラスト				",要素がありません,"
36年連戦連勝 伝説の株職人が教える！
株チャート図鑑
株本史上初！ 売買シグナルをキャラ化した本。
株チャートを見るのが100倍楽しくなる！
36年連戦連勝の著者による、株価の売買シグナルをいち早く見抜くための方法論。
なんと、その方法論を図鑑化しちゃいました。
これからは、ニュースも決算発表も会社四季報も、はたまた、江戸時代から伝わるテクニカル分析の元祖「酒田五法」も必要ナシ。
それどころか、過去30年にさかのぼって日経平均のチャートを調べたところ、
なんと、明けの明星、宵の明星、赤三兵、三空叩き込み……などの「酒田五法」は間違いだった!!
そんな意外な検証結果も、掲載しています。
では、本当に稼げるチャートの読み方とは何か？
その答えは、本書にあります。
相場師朗式のユニークなチャートの見方を系統的にまとめた、史上最強！の「チャート図鑑」です。
","1,540円（本体1,400円+10%税）",2019年4月20日（土）,978-4-7973-9839-7,A5,160,https://www.sbcr.jp/wp-content/uploads/product/4797398397-420x596.jpg
このまま会社にいるしかないの？ と思っている人に死ぬまで食いっぱぐれない方法をシェアしちゃうよ。,"
					副業アカデミー：著者 / 小林 昌裕（副業アカデミー代表）：監修				",要素がありません,"
■目次：
Step１●実働系・物販 ５万円を貯める。５万円を50万円に増やす
◎初級編
・流行の外食宅配「Uber Eats」で空き時間に月５万円を稼ぐ
・フリマアプリ「メルカリ」で不要品を売って月５万円を稼ぐ
・週末カメラマンで、月５万円を稼ぐ
◎中級編
・中国から輸入してアマゾンで売って月10万円を稼ぐ
・ヤフオクで買ってアマゾンで売って月10万円を稼ぐ
Step２●株・FX 50万円を100万～300万円に増やす
◎上級編その１
・FX・株式トレードで月収10万～30万円を稼ぐ
Step３●不動産 300万円を融資を受けて１億円に！
◎上級編その２
・300万円の築古戸建を買って、次に融資で一棟マンションの大家に！
","1,540円（本体1,400円+10%税）",2019年1月22日（火）,978-4-7973-9673-7,四六,224,https://www.sbcr.jp/wp-content/uploads/product/4797396737-406x596.jpg
これから仮想通貨の大躍進が始まる！,"
					北尾 吉孝：著者				",要素がありません,"
まもなく、私たちの”お金”に大激変が起こる――。
ビットコイン騒動の水面下で、じつはビットコインよりも衝撃的な、
世界を根本的に変える「仮想通貨革命」が着々と進行しているといわれる。
その革命の最前線に立ち、いま、世界中の金融機関、個人投資家から注目を集めている
ＳＢＩトップの北尾吉孝氏が「仮想通貨革命」によって
経済と「私たちのお金」がどのように変わるのかを解説。
仮想通貨が生み出す、「新しい時代の幕開け」フィンテック2.0の世界の全貌がわかる！
■目次：
第１章 「仮想通貨革命」によって私たちの生活はどう変わるのか？
第２章 仮想通貨は、本当に決済通貨になりえるか？
第３章 ビットコイン ＶＳ 中央銀行の「デジタル通貨」
第４章 仮想通貨革命が生み出す「新しい時代の経済（フィンテック2.0）」の全貌
第５章 「フィンテック1.0」から「2.0」への進化
第６章 仮想通貨が、地域経済を活性化する
","1,650円（本体1,500円+10%税）",2018年11月7日（水）,978-4-7973-9713-0,四六,232,https://www.sbcr.jp/wp-content/uploads/product/4797397130-405x596.jpg
伝説のトレーダーに50万円を１億円にする方法をこっそり教わってきました。,"
					坂本慎太郎：著者 / 村山宇希：イラスト				",要素がありません,"
著者は、１年半で元手150万円を約5,000万にした
敏腕トレーダー（少額から億超えできることを示すべくチャレンジ中）。
テクニカル分析で失敗したあなたに、ずば抜けた結果を出すプロのメソッドを解禁！
ずば抜けた結果を出す投資のプロが実践していること……
◎デイトレで儲けるなら、「チャート」よりも「板読み」
◎中長期投資の「出口戦略」、目標金額はこうして決めろ！
◎儲ける投資家は、利益よりも損をコントロールしている！
◎メンタルは鍛えても強くならない。失敗しないことが一番
■目次：
Prologue 始まりは、負け組「イナゴ」との出会いだった
Part１ 君たちは株式トレードを楽しんでいるか？
Part２ 勝てる銘柄を選びたいなら、足でも稼げ！
Part３ 勝てる銘柄でマイ・ポートフォリオをつくろう！
Part４ 投資のプロが実践している売買のルール
","1,540円（本体1,400円+10%税）",2018年9月21日（金）,978-4-7973-9853-3,四六,208,https://www.sbcr.jp/wp-content/uploads/product/4797398533-405x596.jpg
見習いカメラマンのけいくんが年収1億円を稼ぐ 月3分投資,"
					山下 勁：著者 / 副業アカデミー：監修				",要素がありません,"
『中華屋アルバイトのけいくんが年収１億円を稼ぐ１日１分投資』の続編。
『１日１分投資』教えを、徹底的に使いこなしてもらうための実践編。
今回はけいくんの生徒たちが登場し、けいくんとの対話の中で、どこにつまずいて、「余計なこと」をしてしまったのかをカミングアウト。
けいくんからすると、生徒たちは「カンタンなミスがいっぱい」「なんで、そこで余計なことをするの!?」と思うこともしばしば。
ミスや勘違いをなくせば、もっと儲かるのに、ああ、もったいない！
生徒さんたちに共通する凡ミスやつまずきポイントを紹介し、愛のムチをもって正しいトレードに導いていく、コミカル調の「スパルタ株塾」をお届けします。
著者による一方通行の教えだけではなく、実際に教えを受けた人の実践ストーリーもまじえて、
既刊よりも、
・投資手法をイメージしやすく！
・しくじりポイントもわかりやすく！
読者が、けいくんの教えをより再現しやすくなるようにサポートしていきます。
けいくんの教えで大成功した人、続出!!
◎年収250万円の保育士さんが、株で年間500万円の利益
◎一番儲けた教え子は総額16億円の利益
◎けいくんのアルバイト先の店長も、月利10%の利益
◎サラリーマンの片手間ながら株で年間２０００万円
◎自営業の片手間で、月利10％が４ヵ月（４ヵ月で利回り40％）
■目次：
Part1 儲ける投資家ほど「何もしていない」という事実
Part2 １億円の道が開けた！ ネコのセミナーレポート
Part3 これだけでも勝てる！ ６つのチャートパターン＋α
Part4 大卒ニートの林くんの初トレードは「空売り」から！
Part5 美馬さんの「完璧すぎるトレード」の舞台裏
Part6 「明日の奇跡」にすがった岩城さんの結末
Part7 チャートクイズで売買のタイミングを見極めよう！
","1,540円（本体1,400円+10%税）",2018年6月21日（木）,978-4-7973-9610-2,四六/2色,192,https://www.sbcr.jp/wp-content/uploads/product/4797396102-416x596.jpg
35年連戦連勝 伝説の株職人が教える！１億円株塾,"
					相場 師朗：著者 / 日野自由気：イラスト				",マンガでわかる,"
ようこそ相場師朗の職人ワールドへ！
ようこそ相場師朗の変態ワールドへ！
本書は―――
「株式市場を必要なときには、いつでもお金が引き出せるＡＴＭにする」本です。
そのためには職人になって、変態にならなくてはいけないのです。
私は常々、自分は「株職人」だと言っています。職人と言うのは技術を極めた技術者ともいえるでしょう。その技術とは道具を使いこなすワザです。
料理人にとっての道具が包丁なら、株職人にとっての道具はローソク足と移動平均線です。
それを使いこなす手法、それが「技術」です。
その技術を本書では、マンガと解説であますことなく、とことんお伝えしています。
で、変態は？
「株職人」を目指すのと同じぐらい「株変態」になることも重要なポイントです。その意味は？ 本書を読めばわかります。
さあ、相場師朗の職人ワールド、変態ワールドにどっぷり浸かり、資産数億円を獲得してください！
-
相場式株式投資なら、リアルタイム株価にずっと貼りついている必要はありません。
午後３時に株式市場がクローズして、その日のローソク足の形が決まってから初めて「取引するかしないか、買うか売るか」を決めていくのです。
とはいえ、翌朝まで待つと株価は変化してしまうことも……。
そこで、みなさんにおすすめしたいのが、午後２時半から３時までの「大引け間際」の取引です。この時間であれば、ローソク足の形がほぼ決まっています。
この時間帯に、スマホを持って会社のトイレに駆け込めば、ローソク足のチェックに30秒、注文発注に30秒、合計１分ほどトイレにこもれば取引完了です。
では、トイレに駆け込んで、株価の何をチェックすればいいのかを、本書では、「投資ビギナー２人」の男女キャラを立てて、マンガでレクチャー。 居酒屋「煩悩」を舞台に、株職人の「ゴールデン黒須」が、本当に結果の出せる株の技術を伝授します。
","1,430円（本体1,300円+10%税）",2018年4月20日（金）,978-4-7973-9600-3,A5/2色,192,https://www.sbcr.jp/wp-content/uploads/product/4797396003-420x596.jpg
世界一やさしい 株入門,"
					岩本 秀雄：著者				",要素がありません,"
パンダと学ぶ！ ほんとうにはじめての人でも株がわかる、買える 世界一やさしい株の入門書！ 
株をはじめるなら株価好調のいまがチャンス！ ほんとうにはじめての人でも株がわかる、買える 世界一やさしい株の本。 ２５万部突破『ネコでもわかる株入門の入門』の著者最新作。 今度はパンダと一緒に株について学びましょう。 
株がどこで売っているのかわからない人でも大丈夫。 どこで買えるか、何を買うのか、どう売るか、どう持つか。 そのすべてがこの１冊でわかります。 初心者の方こそ、ぜひ最初の1冊として読んでみてください。 
■目次：第１章 これだけでバッチリ！株ってなんだろう 第２章 さぁ、株を買ってみよう！ 第３章 10倍株も夢じゃない 有望銘柄・ヤバい株の見分け方 第４章 株の羅針盤「チャート」を読もう 第５章 負けないための必携スキル 第６章 儲けを増やすためのワンナップ 第７章 もっと儲かる！プラス技・究極テクニック
","1,430円（本体1,300円+10%税）",2018年4月18日（水）,978-4-7973-9601-0,A5/フルカラー,144,https://www.sbcr.jp/wp-content/uploads/product/4797396010-420x596.jpg
絶対に損をしたくない人のための仮想通貨投資入門,"
					内藤 忍：著者				",要素がありません,"
世間の注目を集めるビットコインについて、知識ゼロから始める人が必ず知りたいポイントに絞り、投資家目線でビットコイン投資の儲けのポイントをズバリ解説！ 
2017年11月の価格の急騰以降、急速に世間の注目を集めているビットコイン。 
本書では、資産運用のプロで、数多くのベストセラーを出している内藤忍氏が、 一投資家として知識ゼロから始めた経験を踏まえ、 これから始める人がビットコイン投資でお金を増やすために 知っておきたいポイントだけに絞ってQ＆Ａ方式で解説！ すぐに始めたい人が必ず知りたい、ビットコイン投資の疑問に投資家目線ですべて答えます！ 
■目次：第１章 ビットコインを購入する前に知っておきたいこと 第２章 さっそく、ビットコイン投資を始めよう！ 第３章 これがビットコイン投資の賢い資産運用法だ！ 第４章 仮想通貨の管理と使い方を覚えよう！
","1,540円（本体1,400円+10%税）",2018年4月14日（土）,978-4-7973-9630-0,四六/1色,192,https://www.sbcr.jp/wp-content/uploads/product/4797396300-406x596.jpg
株はたった１つの「鉄板銘柄」で１億稼ぐ！,"
					上岡 正明：著者				",要素がありません,"
 【発売記念！　購入者限定キャンペーン】
ご好評につき、既刊延長！
『株はたった１つの鉄板銘柄で１億稼ぐ！』発売を記念して、ご購読者の方にオリジナル特典をもれなくプレゼント。3月14日までの期間限定キャンペーンです。
【特典】
１．著者の保有株の銘柄データ
 ※著者の保有データがわかる「銘柄フォルダ」（日経新聞が提供）の画像データをお送りします
２．著者のスペシャル動画メッセージ

 ■応募要項
 「お名前」「メールアドレス」「購入店舗名　またはAmazonの場合は注文確認メールに書かれている注文番号」この３点をご記入のうえ、応募先メールアドレスにお送りください。
そのメールをもって応募受付とさせていただきます。
 ※必ず、以下の注意事項をご覧になってから、ご応募ください。

 ■応募先メールアドレス
 sbcr_eigyo2@cr.softbank.co.jp
 ■対象期間
 ～2018年3月14日（水）23：59まで応募の方が対象となります。
※すでにAmazonでご予約いただいた方、書店で購入された方もプレゼントの対象者となります。
 ■プレゼント
 特典のデータは、２月下旬から順次、上記メールアドレスよりお送りさせていただきます。
 ■そのほか注意事項
 ※携帯電話やスマートホンで受信をされる場合、迷惑メール対策等でドメイン指定受信を設定されていると、メールが正しく届かないことがございます。以下のドメインを受信できるように設定をお願いいたします。
@cr.softbank.co.jp
※商用・非商用、改変の有無にかかわらず、本特典データの再配布はご遠慮ください。
※著作権は制作者が保有しています。
※使用によって発生した事故、損害、トラブルに関しては制作者・著者は一切責任を負いません。
※特典については弊社SBクリエイティブにお問い合わせください。
→お問い合わせはこちら

鉄板銘柄を探してオイシイ投資をしちゃおう
15年の株式投資ライフで２億円の利益を得てきた著者。
そして、利益の７割は、ただ１つの銘柄を売買して、稼ぎ出したものだった――。
そのメソッドは超カンタン。株価の動きには、一定の上げ下げを繰り返す法則性（うねり）があるので、うねりのクセをつかんで、安値で買って高値で売って……を繰り返すというもの。
本書では、そんなオイシイ投資ができる銘柄を「鉄板銘柄」とネーミング。
著者が15年かけて蓄積してきた中でも、初心者にこそ知ってほしい大事な知識（正しい買い方・売り方、待ち方、そして負け方）から、「鉄板銘柄」の見つけ方まで、わかりやすくレクチャーします。
■目次：
第１章 日経新聞や四季報の情報よりも大事なこと
第２章 株価の上昇と下落はチャートが教えてくれる！
第３章 「鉄板銘柄」は５つのチャートパターンから探せ！
第４章 「鉄板銘柄」を見つける５つのステップ
第５章 いざ決戦！ チャートを使って売買してみよう
","1,540円（本体1,400円+10%税）",2018年2月21日（水）,978-4-7973-9535-8,四六/2色,224,https://www.sbcr.jp/wp-content/uploads/product/4797395358-405x596.jpg
新しい！お金の増やし方の教科書,"
					篠田 尚子：著者				",銀行も証券会社もＦＰも教えてくれない,"
資産運用を行なっているが中々お金が増えないと悩む初中級者向けの資産運用本。１万人が受講した超人気セミナー書籍化。誰でも10年で1000万円つくれるようになる。急速に進化しているネット証券・ネット銀行の活用法、非課税制度の活用法を解説。
1万人以上が受けた超人気セミナー書籍化！
資産運用をすでに行なっているものの中々お金が増えていかないと悩んでいる人へ。
銀行、証券会社に勤め、資産運用のノウハウを熟知する著者が10年で1000万円が確実につくれる
資産運用のノウハウを初公開。
金融機関やファイナンシャルプランナーが教えてくれない
新しい時代のお金の増やし方がわかります。
","1,540円（本体1,400円+10%税）",2018年1月20日（土）,978-4-7973-9541-9,四六/1色,208,https://www.sbcr.jp/wp-content/uploads/product/4797395419-1-406x596.jpg
初めての人のための99％成功する不動産投資,"
					内藤 忍：著者				",要素がありません,"
資産運用本のベストセラー著者が教える ９９％成功する不動産投資術！ 
じつは、不動産投資には 世間にほとんど知られていないカラクリがある。 そのカラクリをおさえると、 初心者でも、低リスクで、確実に資産形成できるようになる。 
物件の選び方から銀行のローンの組み方、管理まで、 内藤式不動産投資のノウハウをあますところなく公開！ 
■目次：１章 じつは、99％成功する不動産投資の方法がある！ ２章 世間にまったく知られていない不動産投資のカラクリ ３章 確実に儲かる物件の選び方 ４章 賢いローンの借り方 ５章 管理会社の選び方・付き合い方 
","1,540円（本体1,400円+10%税）",2017年12月20日（水）,978-4-7973-9428-3,四六/1色,216,https://www.sbcr.jp/wp-content/uploads/product/4797394283-406x596.jpg
中原さん、経済オンチの私に日本の未来を教えてください,"
					中原 圭介：著者				",要素がありません,"
◆楽観してはいけない！ 人口減少が止まらないなかで、日本の10年後、20年後を見据えた大局を大胆予測！ 
◆大企業が相次いで倒産してもおかしくない。誰もが安泰ではない世の中が加速する。 社会保障費のアップなど、可処分所得の減少傾向は避けられないなかで、いかに私たちは生き抜いていければいいのか？ 
・出生数が100万人をわり、大学の半分はいらなくなる ・大企業の採用は50％～60％から外国人。海外の学生のほうが優秀だから ・10年後、弁護士、会計士、税理士、弁理士、行政書士、司法書士は負け組に ・20年後、トヨタがあるかどうかはわからない!? ・GDPの規模縮小だけでなく、税収も不足するが、一方で社会保障費は増大する ・若者の失業は増えないが、格差が大きくなり、社会不安が増大 ・住宅価格、賃貸価格は下落の一途 ・アパート経営者の多くが破産の危機に ・定年75歳は当たり前 ・20年後に地方自治体の1/3は破綻危機に 
◆経済学のセオリーが通用しない時代、政府の御用エコノミストたちには語れない 日本経済のこれから、本当の危険度！ 
■目次：序 章 人口減少社会を大前提として大局を読みなさい 第1章 20年後トヨタがあるかどうかはわからない 第2章 早慶の大学ブランド価値は剥落する 第3章 自治体の半数は破たんする 第4章 サラリーマン大家の半数は破産する 第5章 年金の支給は75歳からになる 第6章 賃金は決して増えない 第7章 それでも伸びる産業はある 終 章 適切な打ち手をうてば日本の未来は明るい
","1,540円（本体1,400円+10%税）",2017年11月22日（水）,978-4-7973-9459-7,四六/1色,224,https://www.sbcr.jp/wp-content/uploads/product/4797394597-2-409x596.jpg
ロボアドバイザー投資1年目の教科書,"
					松岡 賢治：著者				",要素がありません,"
ウェブ上で簡単な質問に答えるだけで、AI（人口知能）が個人投資家のリスク許容度を分析し、 その人に合った最適なポートフォリオを提案してくれるサービス「ロボアドバイザー」。 いま、国内外で「ロボアドバイザー投資」の市場が急拡大しており、 近いうちに資産形成の主要ツールとなるといわれている。 そこで、本書では急成長中の新しいサービスについて、 おさえておきたい基礎知識から、証券会社の選び方、賢い利用法まで、 資産運用の知識がない初心者でも理解できるようにわかりやすく解説する。
■目次：はじめに 資産運用は、ロボットに任せる時代が来た！ 第１章 いま、話題の「ロボアドバイザー投資」とは？ 第２章 ロボアドバイザーの「仕組み」と「活用の仕方」を理解しよう！ 第３章 ロボアドバイザーを活用する前に、やっておきたいこと 第４章 ロボアドバイザーを活用した資産運用10のコツ 第５章 ロボットが投資信託を運用する『ロボアドファンド』とは？
","1,430円（本体1,300円+10%税）",2017年11月18日（土）,978-4-7973-9455-9,四六/1色,192,https://www.sbcr.jp/wp-content/uploads/product/4797394559-2-405x596.jpg
中華屋アルバイトのけいくんが年収1億円を稼ぐ1日1分投資,"
					山下 勁：著者 / 小林昌裕（副業アカデミー代表）：監修				",要素がありません,"
「仕事中も、株価が気になって仕方がない」「株価の値動きに一喜一憂してしまう」……株式投資経験者の多くは、そんな経験をしたことがあるでしょう。
就業時間中に株式相場を気にしたくない、株の値動きに動揺したくない豆腐メンタルのあなたでも大丈夫！
本書で紹介するやり方ならば、株式相場の引け際（14時半から15時の間）に、１銘柄につき１分、株価をチェックすればよし。
おまけに、市況の影響などモノともせずに利益を出せます。
＜けいくんのレクチャーを受けた人の例＞
◎年収250万円の保育士さんが、株で年間500万円の利益
◎一番儲けた教え子は総額16億円の利益
◎けいくんのアルバイト先の店長も、月利10％の利益
■目次：
Prologue 怠惰な大学生が、いきなり株で５５０万円を稼ぐ！
Step1 大切なことはすべてチャートが教えてくれた！
Step2 勝つために絶対に押さえておきたいルール
Step3 勝てる売買ポイントはチャートに聞け！
Step4 クイズでチャートの目利き力をトレーニング
Epilogue 【番外編】ネコの反省 振り返りで投資力を磨こう
","1,540円（本体1,400円+10%税）",2017年8月19日（土）,978-4-7973-9305-7,四六/2色,192,https://www.sbcr.jp/wp-content/uploads/product/4797393057-1-410x596.jpg
1000円投資習慣,"
					内藤 忍：著者 / 井上新八：イラスト				",めんどくさいことはわからなくても、ほったらかしでも、お金はたまる,"
老後のこと、将来のこと、何かあったときのことのために、 お金を貯めなければならないことはわかっていても、 なぜか腰が重い、ということもあります。 
そんな方のために、今一番安くはじめられて一番貯まる方法を紹介しました。 
●日経新聞を読めなくてもお金はためられる 「お金がないから、投資できない」  「投資は面倒そう」 「リスクが大きいので怖い」 「むずかしそう」 
と思っていても、 毎月１０００円から投資可能な商品があったり、 最初に口座開設すればあとは半年に一度見直すだけ。 
また、お金を貯めるのに日経新聞は読めなくてもいいなど、 この投資法でしたら、知識もほぼいりません。 
投資の専門家ならではの裏付け・説明もありますので、 満足のいく内容になっています。 
●自分に合った投資方法を見つけられる 教育資金をどうするか、 マイホーム返済か投資が先か、 退職金が足りなそう… など年代によってお金の不安は異なりますが、 こちらで紹介する方法は、いくつかの方法を組み合わせていきますので、 より自分にあった「無理しない」ため方がわかります。 
","1,320円（本体1,200円+10%税）",2017年7月29日（土）,978-4-7973-8070-5,四六/1色,224,https://www.sbcr.jp/wp-content/uploads/product/4797380705-1-405x596.jpg
難しいことは嫌いでズボラでも株で儲け続けるたった１つの方法,"
					藤本 誠之：著者				",要素がありません,"
株って、難しくて、面倒くさそうじゃないですか？ しかも、本当に儲かるか、怪しいし。 「すごく手間をかけないといけず、頭のいい人じゃないと勝てない…」 そんなイメージをお持ちじゃないですか？ 
でも、はっきりと言います。それは全然間違っています。 確かにイロイロと覚えて、新聞や雑誌やネットをたくさん読んだほうが、 いいに決まってはいます。 
ただ、本当に大事なことに絞れば、そんなにすることはありません。 しかも、メッチャ楽しいです！ 
そのカラクリを教えますと、やることはたった１つ。 「社長に注目する」。ただそれだけ。 
前半では、社長を選ぶことで銘柄（会社）の選定を行う簡単な方法を解説。 
後半では、実際にどの銘柄を買えばいいのか、特別に教えます！ しかも、著者が実際に社長にインタビューをした上で厳選していますから、お墨付きです。 
「お金がほしいけど、面倒くさいことはしたくないし、難しいことはご遠慮したい…」 そんな方にこそ手に取ってほしい、株の本です！ 
もちろん、初心者だけでなく、中上級者にもオススメです。 今まで勉強もしたし、情報集めにいそしんでいるのに勝てない…。 そんなかわいそうなあなたにも、目からウロコの方法となるはずです。 
厳密なチャート分析や業界研究なども確かに大事ですが、 それよりも、効果が絶大な「社長に注目する」とい本書の方法の習得と実践を最優先するほうが 最短ルートで勝てるはずですから。 
■目次：第１章　株は社長で選べ！ 第２章　なぜ社長で選べば成功するのか？ 第３章　いよいよ、実践！ 会社を選ぶ 第４章　社長を観察する 第５章　売るタイミングも極めてシンプル 第６章　「社長がよい＝買うべき」銘柄はこの20社！ 
","1,540円（本体1,400円+10%税）",2017年5月31日（水）,978-4-7973-9172-5,四六/2色,232,https://www.sbcr.jp/wp-content/uploads/product/4797391725-1-406x596.jpg
感じる経済学,"
					加谷 珪一：著者				",コンビニでコーヒーが成功して、ドーナツがダメな理由,"
経済なんて、まったくの他人事にしか思えない……。そんな経済オンチさんでも、経済を自分事として「感じる」ことができるようになる！ それがこの本『「感じる」経済学』。 経済を感じるためのコツが身につく、学ばずに感じる経済書！ 
 経済を動かしているのは私たち一人ひとりの消費活動。でも、経済学という存在は、あまりにも私たちの日常生活からかけ離れていて、ＧＤＰ、インフレ・デフレ、円高ドル安など、何度聞いても頭にスッと入ってきません。経済というものが、まったくの他人事のように思えるのは、なぜでしょうか？ 
その理由は、経済学の本があまりにも無味乾燥に書かれているせいもありますが、多くの人が経済を「感じる」ためのコツを身につけていないことが原因。 経済は、頭で考えることも大事ですが、何よりも「感じる」ことが大事。 どの商品がよいのか、どこのサービスがよいのか、自分自身がしっかり感じ、選択することは、立派な経済活動であり、それが数字や指標になったものが経済学なのです。 
本書は、無味乾燥に思える経済について「感じる」ことができるようにするためのもの。経済を動かす原動力は経済政策ではなく、わたしたち一人ひとりの行動にあります。経済を感じることができるようになり、皆がもっと前向きに行動すれば、必ず経済はよくなるでしょう。実はこれが日本経済に対する最大の処方箋なのです。 
■目次：1章 まずは現実の経済を感じてみる 2章 「感じた」結果を掘り下げてみる 3章 経済を「感じる」ための基礎知識 4章 「感じた」後に行動するのはあなた自身 
","1,430円（本体1,300円+10%税）",2017年4月26日（水）,978-4-7973-9039-1,四六/1色,256,https://www.sbcr.jp/wp-content/uploads/product/4797390391-1-406x596.jpg
本当にお金が増える投資信託は、この10本です。,"
					篠田 尚子：著者				",要素がありません,"
日本No1投資信託アナリストの初の著書にして投資信託の”すべて”がわかる決定版がついに登場！
2016年現在で、日本国内に約6000以上の商品が存在する投資信託。 投資信託は「最強の資産形成ツール」と言われているが、その商品数の多さと内容の複雑さから、資産形成に本当に活用できている人は少ないというのが実態だ。 そこで、本書では、日本でNo1の投資信託アナリストと言われる篠田尚子氏を著者に迎え、6000本の中から本当に儲かる投資信託を10本厳選して紹介。 さらに、「買い方のコツ」から「買った後のメンテナンス」「投資信託を活用した賢い資産形成法」まで解説する。 
■目次：１章 世間に広まる投資信託の常識は、間違いだらけ！ ２章 分析のプロが初めて明かす「評価基準」 ３章 じつはココでも大きな差が！ 「賢い買い方」のコツを教えます。 ４章 購入した後は、ココをチェックしなさい ５章ワンランク上の資産形成を実現させるために 
","1,540円（本体1,400円+10%税）",2017年4月15日（土）,978-4-7973-9145-9,四六/1色,224,https://www.sbcr.jp/wp-content/uploads/product/4797391459-1-406x596.jpg
[新版]まずはアパート一棟、買いなさい！,"
					石原 博光：著者 / 森優子：イラスト				",資金300万円から家賃年収1000万円を生み出す極意,"
17刷のロングセラー！ 「不動産投資」の最強入門書に、アップトゥデートな情報が加わって再登場！
最新の融資情報や、遠隔地から物件を運営していく「自動操縦」の方法、「地方の古い物件って売れるの？」と言われ続けてきた著者による出口戦略などを加筆。
2002年に、資金300万円から始めた不動産投資は、10年後には72世帯、満室時の年間家賃収入は約5000万円の規模にまで拡大したが……。
その後の著者の「出口戦略」や、渡米後の物件の「自動操縦」の方法なども加筆して、最新の融資情報も盛り込み、[新版]として上梓。
2012年、著者は、６つの物件のうち、２物件を売却し、譲渡税を差し引いても約4800万円を手にする。
その譲渡益をもとに、 アメリカの永住権請願の要件を満たす投資を開始し、2014年に渡米。
売却した２物件については、所有していた期間のキャッシュフローも合わせると、なんと、１億円近く稼ぐことができた（渡米後、さらに１物件を売却）。
地方の古い物件であるために、「手放すときに困るのでは？」「果たして買い手はいるのか？」などと、大家仲間からは危惧する声があがっていたが……。
結果、周囲や自身の不安をよそに、順調な「出口戦略」を描くことができた。
「空き家問題」も、遠隔地での管理も、なんのその。満室経営を続ける著者による最強の不動産投資入門。
■目次：
序 章 なぜ不動産投資なのか？
第１章 地方の一棟アパートか都心の築古アパートを狙え！
第２章 買ってもいい物件、買ってはいけない物件
第３章 資産性が低くても、銀行から融資を引く秘訣
第４章 購入価格は自分で決める！ 値切りの交渉術
第５章 物件管理はプロにお任せ！ いい管理会社の選び方
第６章 大家さんの腕の見せどころ！ リフォーム大作戦
第７章 入居者さん、いらっしゃい！ 満室経営を生む極意
第８章 入居者が決まったら、いざリスクに負けない運用を！
","1,650円（本体1,500円+10%税）",2016年2月27日（土）,978-4-7973-8639-4,四六/1色,296,https://www.sbcr.jp/wp-content/uploads/product/4797386394-2-406x596.jpg
投資バカの思考法,"
					藤野 英人：著者				",要素がありません,"
◆先が見えなくても、前に進む力をつけよう！ 
４年連連続ファンド大賞を獲得の投資家が教える、先の見えない時代を生き抜く思考法 R&Iファンド大賞４年連続受賞！ 「結果を出し続けてきた」投資家の投資哲学！ 
「本書は、私がこれまで25年間で磨き上げてきた、 投資のプロとしての経験と知見、メソッドを 一冊に凝縮したものです。 『投資』と『お金』の考えをすべて詰め込みました」 
著者の藤野英人氏は、「ひふみ投信」のファンドマネジャーとして、 R&Iファンド大賞を４年連続で受賞、 デフレやリーマンショック、東日本大震災など、どんな経済状況でも、 25年以上実績を出し続け、「カリスマ投資家」と呼ばれている。 
著者は、「投資とは、日経平均を予測するギャンブルではない。 未来が予測できなくても、長期的には勝ち続けることは不可能ではない」という。 
なぜ、激動の時代でも勝ち続けることができたのか。 その方法を、すべて明かしたのが本書である。 
■目次：序章 そもそも、「投資」とは何なのか？ 第１章 洞察力 ―マーケット感覚を身につけたいなら、街を歩け― 第２章 決断 ―決断とは、やらないことを捨てること― 第３章 リスクマネジメント―リスクの分散とは「好奇心」の分散である― 第４章 損切り ―評価は常に「時価」で考える 第５章 時間力 ―「お金」、「効率」よりも大切なもの― 第６章 稼ぐ力  －「お金」と「経済」の本質をつかむー 第７章 選択力 ―未来に向けて、希望を最大化する戦略― 
","1,540円（本体1,400円+10%税）",2015年9月11日（金）,978-4-7973-8098-9,四六/1色,232,https://www.sbcr.jp/wp-content/uploads/product/4797380989-406x596.jpg
黄金の扉を開く 賢者の海外FX投資術,"
					榊原卓丸：著者				",要素がありません,"
本邦初！海外FX指南書登場。 日本より断然稼げる！ 英語ができなくても大丈夫！ 海外FXのメリット・デメリットを知り尽くしたプロトレーダーが教えてくれるFXででっかく賢く稼ぐための日本じゃあり得ないハイレバ投資術 
◎規制が強まりハイパフォーマンスが狙えなくなり魅力が薄れた日本のＦＸ取引  2011年8月から国内FXは、金融庁によるレバレッジ規制により最大25倍までとなった。せっかくアベノミクスで円安・株高の傾向となり、再びトレーダー（口座数）が増えているが、以前のようなハイパフォーマンスが狙えないこと、規制の強さによるサービスの悪さも相まって、多くのトレーダーの不満となっている。 
◎海外FX会社へ乗り換える人は増えるも情報が錯綜している  一方、海外のFX会社では100倍以上の高レバレッジをかけることができるため、国内での規制のない時代同様、ハイパフォーマンスを狙うことが可能。また、日本ほど強い規制もないため、投資情報の提供などトレーダーへのサービスは充実しており、海外のFX口座を開設する人が増えている。  しかしながら、海外のFX会社は玉石混淆で、たとえばサーバが安定せず思うようにトレードができなかったり、そもそも日本語の対応サービスがない会社もあったりと、せっかく魅力的な海外に目を向けても、何かしら不安がつきまとい、海外口座開設まで踏み出せない人がいるのも現状。それゆえトレード仲間の情報サイト等で、不確かな情報をつかまされることも多く、海外会社でのトレード実績のあるプロによる確かな情報が望まれている。 
◎海外FX取引経験豊富な著者が教えてくれるハイレバ派向けの賢いFX投資術 この本は、証券会社等での資産運用経験が豊富で、プロのトレーダーとして、とくにFXでは海外会社との豊富な取引を通じてそのメリット・デメリットを知り尽くした著者による、海外FXを初めて行うトレーダー向けの投資のノウハウ本（本邦初）。海外FX会社の選び方、主要FX会社の特徴（ユニークなサービス）などを詳しく紹介。また、各会社のユニークなサービスに応じた独自の取引手法も紹介し、たんに高レバレッジを狙うだけではない海外会社ならではの賢いトレード手法も紹介。 
■目次：Chapter0 いま、急増する「海外FX」トレーダーChapter1 海外FX会社を利用するメリットとは？Chapter2 儲かる海外FX会社の選び方Chapter3 海外FX会社徹底比較Chapter4 MT4を使いこなすための準備Chapter5 ソーシャルトレード使いこなし術Chapter6 賢く儲ける海外FX投資術
","1,760円（本体1,600円+10%税）",2014年7月5日（土）,978-4-7973-7630-2,A5/2色,208,https://www.sbcr.jp/wp-content/uploads/product/4797376302-419x596.jpg
300万円を2年で3億円にしたサラリーマンのドキドキ不動産投資録 トラブル＆お悩み解決編,"
					御井屋蒼大：著者				",要素がありません,"
ワケあり物件を買い進める様子をコミカルに紹介して好評を博した『300万円を2年で3億円にしたサラリーマン大家のドキドキ不動産投資録』の第2弾。今回は、多くの不動産投資家面する問題を[購入編][土地・建物編][管理編]と３つに分け、そのほとんどを体験し、乗り越えてきた著者が、トラブル時の様子を交えつつ、実際の対策についても詳しく解説していく。 
■目次：はじめに 序章 不動産投資はトラブルだらけ!? PART1 ドキドキトラブル[購入編] PART2 ドキドキトラブル[土地・建物編] PART3 ドキドキトラブル[管理編] PART4 ドキドキ大家のお悩み相談室＜Q&A＞ おわりに 
","1,650円（本体1,500円+10%税）",2014年5月24日（土）,978-4-7973-7731-6,四六/1色,224,https://www.sbcr.jp/wp-content/uploads/product/4797377316-405x596.jpg
300万円を2年で3億円にしたサラリーマンのドキドキ不動産投資録,"
					御井屋蒼大：著者				",要素がありません,"
初めて挑戦した不動産投資で、わずか2年で元手300万円を3億円、資産100倍にした著者の投資体験録。石橋をたたいてたたいて渡るという超慎重派な一面は仮の姿、その成功の秘訣は「やってみなくちゃわからない」という超攻撃的なマインドにあった！
「公道の上に建つ家」「事故物件」「隣人トラブルを抱えたボロ家」など、数々の問題物件に悪戦苦闘しつつも成功、成長していく様子を、そこから得た教訓、Ｑ＆Ａ、イラストなどを交えながら楽しく紹介。不動産投資を始めたい人、必読の1冊！ 
■目次 ：はじめに 序章 僕が不動産投資を始めるまで ＰＡＲＴ１  ドキドキ不動産投資録 ＰＡＲＴ２ ドキドキ大家の考え方〈Ｑ＆Ａ〉 おわりに 
","1,650円（本体1,500円+10%税）",2013年11月29日（金）,978-4-7973-7516-9,四六/1色,232,https://www.sbcr.jp/wp-content/uploads/product/4797375169-409x596.jpg
冒険投資家ジム・ロジャーズのストリート・スマート ～市場の英知で時代を読み解く～,"
					ジム・ロジャーズ：著者 / 神田由布子：訳				",要素がありません,"
ウォール街の生きる伝説にして、ベストセラー作家でもあるジム・ロジャーズの最新著作。彼が自身の生涯を通して学んできた、投資に関する知識や流儀を多いに語る他、混迷を極める世界経済に対する洞察や分析をユーモアを交えて解説します。 
■目次：１章 若き日の投資家 ２章 無邪気な外遊 ３章 独り立ち ４章 下げ相場に勝つ ５章 冒険投資家 ６章 商品市況の隆盛 ７章 川べりの家 ８章 史上最大の債務国 ９章 破綻なき資本主義は地獄なきキリスト教のようなもの 10章 東洋への道 11章 移民の国 12章 自由の国の民？ 13章 紙幣の危機 14章 需要と供給の法則には逆らえない 15章 日は東から昇る 16章 創造的破壊 
","1,760円（本体1,600円+10%税）",2013年5月22日（水）,978-4-7973-7239-7,四六/1色,288,https://www.sbcr.jp/wp-content/uploads/product/4797372397-405x596.jpg
もう会社に頼らない！プラス300万円を”気楽”に稼ぐ不動産投資術,"
					雨宮憲之：著者				",要素がありません,"
みなさん、億万長者を目指しましょう！――なんて大それたことは言いません。でも、本業とは別に手取りで300万円でも収入があればいいと思いませんか？ 本書は、収益物件３棟くらいを保有して、手取り年収300万円クラスを目指す人向けの不動産投資本です。本業とは別に、手取り年収300万円の 「稼げる財布」があればいいと思いませんか？ 
★“気楽”な賃貸経営の心得★・物件の獲得競争は避けて、不人気エリアで高稼働を実現 ・むやみに不動産を増やさず、課税所得を増やし過ぎない ・「不動産投資は長期戦」ではない。いち早く収益を得る！ 
■目次：序章  不動産投資で手取り300万円を手に入れるステップ 第1章 不人気エリアでプレミアム物件を探し出せ! 第2章 物件入手の第一歩! 情報の宝庫「販売図面」を読み解く 第3章 物件とエリアの持つ「賃貸力」を見極めよ 第4章 エリアの持つ「賃貸力」は空室率で把握する 第5章 リスクの洗い出しで「ダメ物件」を排除せよ! 第6章 不動産業者から重要ポイントを聞き出す「ヒアリング力」 第7章 空室に悩む大家さん、入居者を呼び込む大家さん 終章 チームメンバーがついてくる「大家力」の磨き方 
","1,650円（本体1,500円+10%税）",2013年3月20日（水）,978-4-7973-7101-7,四六/1色,256,https://www.sbcr.jp/wp-content/uploads/product/4797371017-409x596.jpg
1分間バフェット,"
					桑原晃弥：著者				",お金の本質を解き明かす88の原則,"
本書は、世界最高の投資家＝ウォーレン・バフェットのメッセージを88個紹介する語録集。そのメッセージを通して、通勤時間や待ち時間など、「スキマ時間の1分間」を活用し、バフェット流マネー哲学をマスターすることができる。
■目次：
はじめに
１章 逆を行くことだ。ただし正反対では芸がないな
２章 あわてずに待とう。時間が幸運を連れてくる。
３章 ギャンブルは禁止。ゼロをかければすべてゼロになる
４章 「人」に投資するんだ。好きというより組める相手さ。
５章 公開情報を深く読め。裏情報なんてカモを釣る餌さ。
６章 得意分野の外に出るな。臆病は危機管理になるんだ
７章 いつも「誠実」の側に立て。信用なき金持ちは叩かれる。
８章 お金以外の目的を持つ。欲から自由になるコツさ
はじめに
１章 逆を行くことだ。ただし正反対では芸がないな
２章 あわてずに待とう。時間が幸運を連れてくる。
３章 ギャンブルは禁止。ゼロをかければすべてゼロになる
４章 「人」に投資するんだ。好きというより組める相手さ。
５章 公開情報を深く読め。裏情報なんてカモを釣る餌さ。
６章 得意分野の外に出るな。臆病は危機管理になるんだ
７章 いつも「誠実」の側に立て。信用なき金持ちは叩かれる。
８章 お金以外の目的を持つ。欲から自由になるコツさ
","1,048円（本体952円+10%税）",2012年12月26日（水）,978-4-7973-7074-4,新書/2色,208,https://www.sbcr.jp/wp-content/uploads/product/4797370744-396x596.jpg
定年までに資産1億円をつくる　ロスジェネ世代家族持ちへの新マネー戦略,"
					北川邦弘：著者				",魔法のライフプランと金持ち思考が人生を変える,"
＊＊＊アマゾンキャンペーン実施中！！＊＊＊
ただいま12月22日(土）23:59までにＡｍａｚｏｎにてご購入の方を対象にキャンペーンを行っております。詳細はこちら：http://mr-port.com/amazon2/
絶望の時代を生きる、現役世代のための新マネー戦略!! 平凡な家計でも、定年までに１億円の資産を作ること可能にする魔法のプランニングを紹介。詳しい内容紹介やサンプルページ、キャンペーン情報をこちらでチェック!! 
■目次：・第一章　お金の“新たな”基礎知識 お金を生み出す考え方を身につける  お金は豊かな未来を創ってくれる お金は人と人を結ぶ絆になる  など・第二章　お金の作法			 金と不動産のリスクとリターンを理解する 2022年から地価は暴落する  家を買うなら資産形成をしてから  など・第三章　働き方とくらし 親や上司からの時代遅れな助言は無視する  定年を過ぎても働く。転職も視野に 女性も社会に出て積極的に社会貢献・労働しよう など・第四章　ライフプラン 豊かな人生を送る為のライフプランをつくる 夢に価格をつけて買い取る努力をする  理想の未来から逆算して人生を考える  など・第五章　節約・貯蓄		 節約＆貯蓄できなくてもお金は作れる 投資を活用すれば資産を早くつくれる  貯蓄に加え投資をすることが世界の常識だ など・第六章　資産運用 ファンドと不動産投資なら仕事と両立できる 何のための資産運用かしっかり目的を持つ 必要な収益を知って適切な資産配分を行う など
","1,430円（本体1,300円+10%税）",2012年12月21日（金）,978-4-7973-7014-0,四六/1色,256,https://www.sbcr.jp/wp-content/uploads/product/4797370140-386x596.jpg
家賃は下げるな！,"
					中島克己：著者				",なぜ一流大家は家賃を上げても入居者が集まるのか？,"
二流大家ほど「家賃の値下げ」と「フルリフォーム」のワナに陥る！一流大家だけが知っている！40日で満室になるリノベーション投資術 
著者は「空室を40日で満室に」をモットーに、相場の５～10％の賃料アップをしながらも、家賃保証付きのリノベーションを手がけてきた。結果、満室物件を生み出し、さらには待ち客まで作ってきた。なぜこの賃貸不況下でも、入居者を集めることができたのか？ 本書では、リノベーションにコストをかけても、大家の手残り資金を大きくする秘策を伝授！ 
管理会社がよく勧める「家賃を下げたら」「フルリフォームをしたら」という誘い文句に、安易に飛びついてはいけません。 家賃を下げると、入居者の属性も下がりやすく、また過当競争の賃貸市場では消耗戦になるだけ。それに、どうせリフォームするのなら、入居者に選ばれやすく、しかも経費化できて税引き後の収入が増えるやり方を採用しましょう。 大切なのは、地域最安値の物件を目指すよりも、入居者に選ばれる物件を目指すこと。本書では、そのための物件再生法、安定的なリターンを獲得するための税務や資金調達の極意までも伝授します。 
●こんな人に読んでほしい！ １．デザイン案から材料、カラーコーディネートまで知って、センスあるリノベーションをしたい人 ２．お金をかけてリノベーションしながらも、税引き後の利益を増やせる「税務」知識を知りたい人 ３．いい部屋を作ったら、きちんと入居者を呼び込みたい。管理会社や仲介業者への営業・交渉方法を知りたい人 
■目次第１章 家賃を下げなくても入居者は呼び込める！ 第２章 物件再生はフルフォームよりも「リノベーション」で！ 第３章 入居者を呼び込む「仕掛け」を用意しなさい 第４章 手残りを増やす「節税」と「融資」を引き出す極意 第５章 これからの「物件購入」と「出口戦略」はこうしなさい 
","1,650円（本体1,500円+10%税）",2012年9月28日（金）,978-4-7973-7016-4,四六/カラー+1色,176,https://www.sbcr.jp/wp-content/uploads/product/4797370164-403x596.jpg
年収300万円でも、死ぬまでお金に困らない！,"
					清水 学：著者				",「自分年金」で2400万円つくる50の知恵,"
投資に回す余裕はない人にこそ読んでほしい！投資信託会社を設立した労組幹部が教える、国や企業任せじゃない「自分年金」のつくり方。スタート資金は「自主的な賃金カット」「保険・住宅ローンのの見直し」でつくり、長期投資信託で2400万円を生み出す！ 
賃上げ要求をしても月数百円しか獲得できない時代、 労組幹部が教える「資産運用」の極意。 資産運用は、長い目で見て、着実に増やせ！ 
「投資に回す余裕がない」という人でも、自主的な賃金カット、保険・住宅ローンの見直しで、月に数万円は浮きます。 浮いたお金を「投資信託」で長期運用して、老後の生活資金をつくっておきましょう。 現役時代に、ぼんやりして何の準備もしていないと、自分がゆでられていることにも気づかない「ゆでガエル」になっている!? 
序章 間違いだらけ! あなたの「老後生活設計」の常識 第１章 家計の無駄を減らし、預貯金を増やす……それだけでは将来が厳しい! 第２章 あなたに本当に必要な保険の入り方─学資保険、介護保険はいらない? 第３章 年収300万円のマイホーム計画─56歳までに返済できる家を買いなさい! 第４章 将来が不安な人のための投資入門─「投資信託」で老後資金づくりを! 第５章 「でも投資は怖い」という人の実践入門─いつ、いくらから始めるか?
■著者：清水 学ファイナンシャルプランナー、ユニオン投信取締役、約1万1000人のセイコーエプソン労組副執行委員長。福岡大学経済学部ベンチャー起業論非常勤講師。1967年長野県塩尻市生まれ。高校時代は500人の暴走族を束ね、生徒会長を務める。高校卒業後、1986年にセイコーエプソン株式会社に入社し、パソコン周辺機器の設計に携わる。その後、セイコーエプソン労働組合の専従役員となり、本部書記長や副執行委員長を歴任。”可処分所得を上げるのは賃上げだけじゃない”をモットーに『ライフサポート活動』を立ち上げ、自労組・自社のみならず、他労組・他企業、地域社会などで、ライフプランに関する各種セミナー講師や相談業務を務める。2008年、セイコーエプソン労組出資の投資信託会社「ユニオン投信」を起業し、取締役となる。世界株安をよそに、評判は口コミで広がり、運用資産は13億円、顧客は1200人を超える。
","1,540円（本体1,400円+10%税）",2012年5月19日（土）,978-4-7973-6877-2,四六/2色,240,https://www.sbcr.jp/wp-content/uploads/product/4797368772-406x596.jpg
たった4年！学生大家から純資産6億円を築いた私の投資法,"
					石渡浩：著者				",借りて増やす技術,"
大学院卒業後に起業した資本金1000万円の不動産投資会社が、4年間で純資産6億円へと急成長！ 不動産投資は、キャッシュフローよりもストック（純資産）を重視せよ！
これからの不動産投資は、キャッシュフロー重視では破綻する!?
従来の不動産投資は、家賃収入から経費と返済額を引いたあとのキャッシュフロー（現金収支）を追求するものでした。
「家賃収入」という不労所得によりサラリーマンを辞めて悠々自適な生活を送る――実際に目標のキャッシュフローを達成して、サラリーマンを辞めた投資家が羨望のまなざしで、持てはやされました。
しかし、私はそのような不動産投資には懐疑的でした。
なぜなら、キャッシュフロー型の不動産投資は、低金利と高入居率が持続しない限り成り立たないビジネスモデルだからです。
たとえ無難にキャッシュフローが残ったとしても、将来の売却時に売却損が出れば蓄積したキャッシュフローが売却損の穴埋めに回り、リスクと比較して投資全体のリターンが低いと判断されます。
本書では、そんなキャッシュフロー型の投資ではなく、ストック（純資産）を重視した不動産投資をレクチャーしていきます。
【目次】
序章 私が実践した「借りて増やす技術」
第１章 職業・年収も関係なし！ 融資で資産を作りなさい
第２章 不動産鑑定評価手法を活用！ 賢い物件選択の仕方
第３章 「業者価格」以下で収益不動産を購入する！ 実践ガイド
第４章 今でもフルローンが可能！ 最新の融資攻略法
第５章 金利上昇に負けない！ 純資産を築く不動産投資
ケース 私たち、こうして融資を受けられました！
■著者：石渡浩
2007年慶応義塾大学大学院経済学研究科修了。大学院在学中の2005年12月に不動産投資を始め、大学院修了後の2007年4月に不動産投資会社を設立して賃貸業に専念する。2012年3月現在までに所有するのは、アパート・マンション20棟194戸、区分所有マンション20戸、一戸建て11戸の合計225戸。年間賃料収入は約2億円となる。
また、2009年1月からブログとメールマガジンによる不動産投資情報提供を開始し、不動産賃貸業の傍ら、講演・執筆活動にも取り組む。講演は不動産会社・証券会社・不動産ポータルサイト運営会社などの主催者から招聘されて出講するものに加え、 自身で企画・募集し、メールマガジン・ブログ読者を対象に、有料セミナーの申し込みを1日300人から受けた経験を持つ。インターネットを利用したセミナー集客のプロでもある。現在、不動産投資とその講演・執筆に加え、融資やインターネット集客につい て中小企業経営者向けの情報提供活動も行っている。
現在、不動産投資とその講演・執筆に加え、融資やインターネット集客について中小企業経営者向けの情報提供も行っている。
","1,650円（本体1,500円+10%税）",2012年4月19日（木）,978-4-7973-6823-9,四六/1色,256,https://www.sbcr.jp/wp-content/uploads/product/4797368239-406x596.jpg
たった18日で次の入居者が決まる！満室革命プログラム,"
					尾嶋健信：著者				",要素がありません,"
354人の大家さんとともに、延べ2328戸の空室を埋め続けてきた著者が教える、すごい空室対策。それには、一室20㎡未満の３点ユニット物件も、地方で駐車場がないことも、現場に足を運び、いかに手間と労力をかけるかということも関係なし！ 著者は日本で唯一の空室対策コンサルタントとして、万策が尽きた大家さんの空室を埋めてきました。 それは、北は北海道、南は沖縄まで、築50年超えの風呂なし３帖間の木造物件から、新築の高級ファンドＲＣ物件まで、また、北は網走から、南は沖縄、都心のターミナルから、山の奥の陸の孤島まで、多種多様です。 
しかも、驚異的なのは、著書が自身のメソッドを確立してからは、ほとんど現場に出向かず、電話とインターネットだけで空室を埋めていること。 電話で大家さんや管理会社さんと話をするだけでも、空室の問題は見えてくるというのです。 
著者が不動産管理会社に勤務しているとき、自身のメソッドを同僚に教えたところ、同僚もどんどん空室を埋めだしました。 このメソッドは全国にも通用するのではないか？ そう考えた著者は、ヤフー知恵袋で、多くの大家さんからの悩みに応え、空室を解消し、感謝をされるようになりました。 
実は手堅く効率的に空室を埋めるには、「内見者」「賃貸営業」「物件」この３つの立場を考えて、集客対策をすることが肝要です。 でも、多くの大家さん、管理会社は、それができていないから、空室も埋まらず集客対策もできていません。 ではどうすることが、空室解消につながるのか？ 本書では、「ソフト」「ハード」「マーケティング」「大家力」「チーム力」、さらには「満室スター・チャート」といった独自のメソッドを披露します。 
【目次】 私が「空室対策コンサルタント」になったわけ 
序章 あなたの空室物件はなぜ決まらないのか ステップ１ あなたの物件の市場価値を見極めよ！ ソフト編 ステップ２ 物件そのものの価値を高めよう！ ハード編 ステップ３ インターネットを駆使した広報戦略 マーケティング前編 ステップ４ 不動産業者との出会いの教科書 マーケティング後編 ステップ５ 「満室トリガー」に磨きをかける！ 大家力編 ステップ６ 社長としてのリーダーシップを身につけよ！ チーム力編 
（１）満室スター・チャート 基礎編 ～空室だらけでも３ヵ月で満室に！～ （２）満室スター・チャート 実践編 ～次の入居者を18日で決める！～ 
付録１ 「満室スター・チャート」確認リスト 付録２ 18日間「成約行程」スケジュール帳 
■著者：尾嶋健信（おじま・けんしん）満室経営株式会社代表取締役。ＨＣＳフロンティア株式会社代表取締役。尾島写真代表。1970年、神奈川県生まれ。青山学院大学経営学部卒業。大学卒業後、カメラマン修業を経て、実家の写真館を継ぐ。その後、不動産管理会社に勤務。試行錯誤の末、独自の空室対策のノウハウを確立し、マネージャー時代は、全国平均20％を超える空室率に対し、３～５％の空室率をキープし続ける。現在は、空室対策コンサルタントとして、354人の大家さんとともに、延べ2328戸の空室を埋める。コンサルティング件数は急増中。全国のアパマン・オーナー、個人投資家を対象に「尾嶋式満室塾」（http://manshitsu-jyuku.com）を2012年4月より運営。
","1,650円（本体1,500円+10%税）",2012年3月23日（金）,978-4-7973-6916-8,四六/1色,256,https://www.sbcr.jp/wp-content/uploads/product/4797369168-407x596.jpg
週1時間で月収5倍の家賃収入！「片手間」投資,"
					サイコ大家：著者				",要素がありません,"
著者は病院の勤務医を務めるかたわら、嫁に内緒で、満室時の家賃年収5360万円を達成。 それでいて、著者が不動産賃貸業にかける時間は、週に１時間もなし。 年収に関係なく、誰にでも通用する「手間は最小、成果は最大」の投資メソッドをレクチャー！ 本業も大切に、できるだけ「片手間」で収益を上げよ！ 
著者は、総合病院に務める現役の精神科医。月に4、5回は当直をこなし、当直明けも32時間以上の労働が当たり前の状況。 きちんと仕事をこなしながらも、嫁にも内緒で独力で収益不動産を所有。満室時の年間家賃収入は5360万円、投資金額は３億7000万円にものぼります。 「医師だからお金持ちで、もともと資金が潤沢だったのでしょ？」と思うかもしれませんが、決してそんなことはありません。 
最初の一棟マンションを買ったときの手持ち資金は200万円。 それでも順調に物件を増やすことができ、今や戸建賃貸と５棟のマンションなど、合計102戸のオーナーに。 手持ち資金がなくても、いわゆる「属性」がいい人にはいい人なりの、逆に、属性が悪い人には悪い人なりの戦い方があり、本書では、どちらにも対応できる戦略を伝授します。 
本業でも手を抜かず、大家業としてもプロとして収益を上げていく――。 今では、著者が不動産賃貸業にかける時間は、週に１時間もなし。 可能な限り外注し、自分はいい物件を買うことと、方針を立てることに集中します。 大家さんとして大事なのは、事業の経営者として一番重要なことは、方針を立てること。 そして、実際に行動するのは、管理会社などの雇った（外注として）人々。お金のレバリッジと労働のレバリッジの、両方とも使うことがポイント。 
本書では、本業で忙しい人が効率よく投資を進めるために、物件の選び方、融資の引き出し方、物件管理の仕方、入居者募集の仕方、さらなる投資への踏み出し方などをレクチャーしていきます。 
【目次】 Step1 あなたに合う不動産投資の初期戦略とは？ Step2 物件タイプごとの投資テクニックをつかめ！ Step3 不動産賃貸業の「プロフェッショナル化」作戦 Step4 賃貸経営の鍵は管理会社とのパートナーシップ Step5 上手に節税！ 不動産投資は税金との戦い Step6 不動産投資を長く楽しく！ 「知っ得」応用編 Step7 法人化して、さらなる拡大路線を目指せ！
■著者：サイコ大家現役の精神科医。1970年代、中部地方の田舎に生まれ、やや貧乏なサラリーマン家庭に育つ。公立の小中高に進学し、国立大学の医学部を卒業。精神科医になり約10年。２児の父親。2007年、ひとり静かに戸建賃貸から不動産投資を開始し、現在は妻にも知られずに５棟のアパートとマンション（札幌、岐阜、鈴鹿、伊勢）で、合計102戸を所有。満室時の年間家賃収入は5360万円。「サイコ大家」名義にて、人気メルマガ「精神科医のアパマン経営」を発行。また、ツイッター（@psychooya）による発信も好評。
","1,650円（本体1,500円+10%税）",2012年2月1日（水）,978-4-7973-6828-4,四六/1色,224,https://www.sbcr.jp/wp-content/uploads/product/4797368284-406x596.jpg
資金300万円でも、アパート一棟、買えました！,"
					石原博光：著者				",ド素人がリスクを避けて収益物件を作る実践マニュアル,"
地震、高額売買、借金……不動産投資は怖い!? そんなイメージを払拭する保険の入り方、不動産業者への電話リサーチ、現地調査のポイント、融資の引き方などを解説。本当にアパート投資をしたい人が疑問に思うことを特に掘り下げて指南します。 好評を博した、前作『まずはアパート一棟、買いなさい！』。 続編となる本書では、前作では触れていなかった部分に言及し、時代や社会情勢の変化なども反映し、アップデートした内容をみなさんにお届けします。 
もちろん、著者の投資手法の基本は変わりません。持たざる者こそ、次の投資スタンスがベストだと考えています。 ● やるなら最初から一棟アパート ● 少なくとも利回り15％以上、できれば20％前後の高利回り（高稼働）物件を狙う ● それには地方や都内の築古物件など、ニッチで勝負すること 
とはいえ投資初心者が（いえ、経験者でさえも）、高利回りの一棟アパートを見つけて、精査して融資を受けて購入し、高稼働を実現させていくのは、並大抵のことではありません。 
この本では、本当にアパート投資をしたい人が知りたいと思うことを、特に掘り下げて書いています。不動産業者への電話のかけ方、現地調査で調べておくべきポイント、リフォーム業者からの見積もりの取り方、銀行から融資を得るためのアピール法、管理会社とのコミュニケーションの仕方などを指南していきます。 
地震、借金、空室リスク……不動産投資は怖い？ もろもろのリスクは自分の力で回避して、高収益物件を作り出せ！ 
やるなら最初から、高利回りの一棟アパート、 しかも、地方や都内の築古物件などニッチで勝負！ 
序 章 地震、高額売買、借金……不動産投資は怖い? 第1章 これだけ知れば怖くない! 地震保険の基礎知識 第2章 一棟アパート、それも地方がおすすめの理由 第3章 高利回り物件を見つけたら？ 電話リサーチで深く探れ 第4章 現地調査でわかる「 買っていい物件」「いけない物件」 第5章 資産性が低くても、銀行から融資を引く交渉術 第6章 必要最低限のリフォームで最大限の効果を生み出す！ 第7章 経営のパートナーを探せ！ 管理会社の見極め方 第8章 不動産投資の見えづらいリスクも把握せよ！
■【著者略歴】1971年生まれ。95年に米国の大学を卒業後、96～97年に東京都の商社に勤務。98年に有限会社恵比寿トレーディングを設立し、化粧品や雑貨などの輸入販売を行う。資金なし、コネなし、まったくのゼロから起業して12年目を迎える。2002年から始めた不動産投資は７２世帯の規模に拡大。満室時の年間家賃収入は約5000万円。単純利回りは19％を超える。現在は夢だったプライベートパイロット（陸上単発機）の免許取得に向けて挑戦中。ブログ「不動産投資 カフェネット by 恵比寿のＩ」（http://ebisunoi.seesaa.net/）を好評更新中。著書に『満室大家さん12人の極意を盗め!不況に強い「不動産経営」50の戦略』『まずはアパート一棟、買いなさい！』（ともに小社刊）
","1,650円（本体1,500円+10%税）",2011年9月1日（木）,978-4-7973-6599-3,四六/1色,256,https://www.sbcr.jp/wp-content/uploads/product/4797365993-406x596.jpg
今どき株で儲けるサラリーマンの週30分ルーティン投資術,"
					柿田文和：著者				",要素がありません,"
「日中の株価は見ない」「銘柄選びに時間をかけない」「売買は、帰宅したのち週１回」……現役サラリーマンの著者は、そんなゆるい投資姿勢ながら、2008～2010年の平均利回りは約50％をゲット。今どき株で儲けている人の投資の極意を教えます。 株式は、やり方によってはサラリーマンにとって 一番有利な条件が整っている投資法です。 
しかも、このルーティン投資ならば、 景気のいい、悪いも関係なく、 金融危機、突然の株価暴落時でも通用します。 
本書では、どんな銘柄を選び、それをいつ売買し、 いつ手放したらいいのか、一連の流れを 初心者にもわかりやすくレクチャーします。 
【目次】 Level1 今どき株式投資で本当に儲かるの？ 初歩編 Level2 テクニックよりも大事な投資の基本 基礎編 Level3 ルーティンな投資でも結果は出す！ 戦法編 Level4 いざ始めよう！ ルーティン投資 実践編 
【目次案】 ・株式投資の実績は、2008年が年利42.1％、2009年が105.21％ ・100万円を元手に、５年で株式収入が年1000万円 ・昼間の株式市場は気にしない ・銘柄を買うのに、フィーリングはいらない ・「勝ちたい、儲けたい」本能は捨てなさい ・競争に勝つには「微差」が大事 ・投資をするために守らなければならない3つの原則 ・利益を出すために必要な2つのルール ・株式市場から退場させられない資金の使い方 ・値動きが同じ組み合わせを見つける重要な指標 ・発注時に気をつけなければならない3つのルール ・決済する時に気をつけなければならない2つのルール ・発注・決済の時間を劇的に短縮する方法 ・自分のポートフォリオの損益を簡単にチェックする方法 ・株価のデータを取得するのに適したサイト・おすすめフリーソフト 
","1,430円（本体1,300円+10%税）",2011年3月23日（水）,978-4-7973-6431-6,四六/1色,176,https://www.sbcr.jp/wp-content/uploads/product/4797364316-407x596.jpg
愚直でまっとうな不動産投資の本,"
					長谷川 高：著者				",要素がありません,"
20年以上不動産業界で働いてきた経験と知恵を生かし、大企業の投資担当者も行っているプロの手法、そして、個人投資家にもマネしてほしい「まっとうな不動産投資」のやり方を伝授。地味で堅実なこのやり方こそが10年先、20年先でも生き残る投資につながる！ 
【目次】 Part１ なぜ今の時代にこそ不動産投資なのか？ Part２ 物件の選び方で成否の９割以上が決まる！ Part３ 物件選びで必ず注意したいポイント Part４ いざ現地・物件調査で見るべきポイント Part５ 競争力アップにつながる付加価値のつけ方 Part６ 投資と大家業とセミリタイアの話
■著者：長谷川 高（はせがわ・たかし）1963年東京生まれ。立教大学経済学部経済学科卒。株式会社リクルートコスモス（現：株式会社コスモスイニシア）にて都市開発事業、ビル・マンション企画開発事業に携わり、バブルの絶頂期から崩壊までの時期を現場の第一線で体験する。その頃より「中立の立場で専門性を持って不動産について相談できる場所」の必要性を感じ、1996年にデジタル不動産コンサルタントLTD.を設立。当時、日本で初めてネットを活用した”第三者的な立場からの不動産コンサルティング”を行う会社として多くのマスコミに取り上げられる。設立から14年、不動産と不動産投資にかかわる多くの業務を通して、高いノウハウを蓄積。2009年、社名を「株式会社長谷川不動産経済社」に変更。著書に『家を買いたくなったら』『家を借りたくなったら』『お金を生み出す家を買いたい！』（以上、WAVE出版）があり、この「家」シリーズは累計10万部を突破。
","1,572円（本体1,429円+10%税）",2010年10月30日（土）,978-4-7973-6033-2,四六/1色,208,https://www.sbcr.jp/wp-content/uploads/product/4797360332-404x596.jpg
どうせなら入居率が悪い物件を買いなさい！,"
					中島 克己：著者				",40日内に空室解消！入居者がハマる部屋に変える極意,"
「40日以内に満室保証」をうたうリノベーション会社社長が明かす、効率のいい不動産投資の極意。 １．買うなら思いっきり入居率が悪い物件を選ぶ ２．リフォームは「貼る」「塗る」で低コストに ３．ほかの物件とは違うと思わせるPRをする 
◆Prologue なぜ不動産投資なのか？ そのメリット・デメリット ◆Part１ 買うなら区分所有よりも木造一棟アパートを狙え！ ◆Part２ 極力お金をかけない物件再生法、リノベーション大作戦 ◆Part３ いい管理会社の見極め方、入居者を呼び込むリーシング術 ◆Part４ 目指せ、入居率１２０％！ 不動産経営に必要なのは「満室魂」 
【中島克己（なかしま・かつみ）】1975年生まれ。佐賀県唐津市出身。陸上自衛隊を経て、畳店に就職。畳の製造をはじめ、配達、営業を経験する。6年のキャリアを経て、2004年に株式会社TRNを設立。2005年には本社ビルを福岡市に移転し、本格的な事業拡大を図る。リフォームや原状回復工事を展開するなかで、2007年にリノリース事業をスタートさせる。現在、リノベーション事業のFC展開をしており、北海道から沖縄まで加盟店は48社。空室を満室にする事業集団として、さらなる事業拡大を目指す。
","1,572円（本体1,429円+10%税）",2010年9月13日（月）,978-4-7973-5988-6,四六/1色+カラー,192,https://www.sbcr.jp/wp-content/uploads/product/4797359886-405x596.jpg
満室大家さん12人の極意を盗め！不況に強い「不動産経営」50の戦略,"
					石原 博光：著者				",要素がありません,"
「物件探し」→「現地調査」→「購入申し込み＆値下げ交渉」→「融資＆決済」→「リフォーム」→「管理」 不動産経営のステップごとに満室大家さん12人の極意を惜しげもなく公開！ 具体的質問集「これで完璧！ 管理会社に聞くことリスト」を巻末収録
●序章 不動産投資を始める前に  戦略０ 今はまだお金がないあなたへ    戦略１ 購入する物件のイメージを固める  ●第１章 掘り出し物を見つけるために、物件探しのコツ    戦略２ 初心者はネットに張り付き相場観を養え！    戦略３ 「常識的」な判断基準を疑え    戦略４ 物件情報は「川上」から狙え    戦略５ 高利回りの任意売却物件には飛びつかない 戦略６ よさそうな物件が遠隔地にある場合    ●第２章 現地調査でしかわからないチェックポイント 戦略７ 現地調査では自分でも裏をとる    戦略８ 初心者が掘り出し物に当たるために  戦略９ 頼りになるのは管理業者か、投資専門業者か  戦略10 おいしい話の裏を読め    戦略11 「隠れ負債」をコントロールせよ ●第３章 購入申し込み＆相手を納得させる値下げ交渉    戦略12 「買付け証明」よりも手付け金    戦略13 不動産屋と信頼関係を築くには    戦略14 物件の売り情報を完全に止めてもらうには  戦略15 値引き交渉は具体的な修繕費用を根拠に   戦略16 そのほかの値引き交渉の材料とは    戦略17  値引きのチャンスは無限にある!?   ●第４章 有利な融資と決済の基礎知識    戦略18 現金決済のメリットとデメリット   戦略19 ローンの組合せは「長短混合」で   戦略20 高金利でも融資を引いたほうが得策  戦略21 できるだけ低い金利で借りるために  戦略22 優遇金利を引き出すために    戦略23 コロッと変わる融資規定を押さえる 戦略24 ノンリコース・ローンと優秀な銀行員 戦略25 民間の金融機関で借りられなかった場合 戦略26 融資ハードルの低い銀行とは    戦略27 賃貸併用住宅で好条件の住宅ローンを使う 戦略28 金利ゼロの「預金連動型ローン」の注意点    戦略29 決済前に必ず重要事項説明書には目を通す    戦略30 契約前に忘れがちでもやっておくべきこと    ●第５章 不動産投資の醍醐味、リフォームで収益アップ    戦略31 リフォームをするならまず予算ありき    戦略32 「防御力」「攻撃力」「機動力」3つの極意  戦略33 攻めのリフォームの極意 その1    戦略34 攻めのリフォームの極意 その2    戦略35 「分離発注方式」で費用を抑える    戦略36 自分で材料を調達し人件費だけで依頼する 戦略37 リフォーム工事を工務店に安価に頼む   戦略38 職人に値引き交渉を納得してもらうには 
 ■著者紹介 石原博光（いしはら・ひろみつ） 1971年生まれ。95年に米国の大学を卒業後、96～97年に東京都の商社に勤務。98年に有限会社恵比寿トレーディングを設立し、化粧品や雑貨などの輸入販売を行う。資金なし、コネなし、まったくのゼロから起業して12年目を迎える。2002年から始めた不動産投資は７２世帯の規模に拡大。満室時の年間家賃収入は約5000万円。単純利回りは19％を超える。現在は夢だったプライベートパイロット（陸上単発機）の免許取得に向けて挑戦中。ブログ「不動産投資 カフェネット by 恵比寿のＩ」（http://ebisunoi.seesaa.net/）を好評更新中。 ●所有物件 アパート３棟、マンション２棟、ビル２棟  計７棟（約３億６０００万円） ●物件の概要 １）東京都目黒区 ビル（オフィス＋自宅） ２）千葉県旭市 アパート（２DK×４×２棟） ３）千葉県船橋市 ビル（２DK×４、店舗×５棟） ４）茨城県板東市 マンション（１店舗、２DK×13世帯、３DK×２世帯、４DK×１世帯） ５）栃木県小山市 マンション（３DK×24） ６）栃木県下野市 アパート（３LDK×４、１LDK×８） 
","1,650円（本体1,500円+10%税）",2009年7月27日（月）,978-4-7973-5365-5,46判,240,https://www.sbcr.jp/wp-content/uploads/product/4797353655-407x596.jpg
少額から始めたい！小心者のための投資入門,"
					池上 秀司：著者				",要素がありません,"
本書では、金融機関でつきものの売り文句と、そこに潜む顧客側のデメリットを解説。 あわせて、顧客にとってメリットのある商品もしっかりとアドバイスします。 月５０００円、１万円と少額から始められて、手堅く殖やす投資法とは？ 
【内容】 ストレス知らずで資産運用したい人向けの投資ガイド。金融商品の超カンタンな目利き法「タチツテト」の法則や、年利３～４％で殖やすことを目標に具体的な商品を指南する。 
【投資の法則「タチツテト」】 タ：高い手数料は避けましょう チ：長期で考えていきましょう ツ：月々の積み立てを柱にしよう テ：適切な分散を心掛けよう ト：投資範囲は広く大きく 
●ステップ１ 手っ取り早い資産運用法とは？ 生命保険や住宅ローンなど「マイナスの資産」の抑制も資産運用の重要項目！ ●ステップ２ 投資初心者は必読！「タチツテト」の法則 「タチツテト」のふるいにかければ、本当にお勧めの金融商品がわかる！ ●ステップ３ セールストークの裏を読め！ 金融機関が「外貨預金」「仕組預金」「分配型投資信託」などを売り込むそれなりのワケ。  ●ステップ４ 小心者の初心者にお勧め商品 月々5000円から1万円で始められる「投資信託」や「運用型の保険」を具体的に紹介。 
【著者略歴】 1968年埼玉県生まれ。ファイナンシャル・プランナー（生命保険協会認定FP）。東京都中高年勤労者福祉推進員。宅地建物取引主任者。関東の住宅展示場を中心に、各種セミナーの講師や個人向けの相談業務を行う。住宅ローンの相談や保険の見直しについて、年間200件ほど受け持ってきた経験から、現実に即した指南に定評がある。著書に『住宅ローンの(秘)新常識 長期固定に繰上返済はトクしない!?』『入っていい生命保険、いけない生命保険 選んでいいのはこの3つ!』（ともに小社刊）がある。 
","1,320円（本体1,200円+10%税）",2008年4月21日（月）,978-4-7973-4639-8,46判,168,https://www.sbcr.jp/wp-content/uploads/product/4797346398-409x596.jpg
65歳までに1億貯める人生設計術,"
					金子 一広：著者 / 横山 俊二：監修				",これで貯まらなければ貯蓄はムリ！,"
お金がなかなか貯まらない人、老後に不安のある人必見。目から鱗の落ちる生命保険活用から株式投資、投資信託まで、資産づくりに必要な要素を網羅。金融知識ゼロからでも可能な「お金の貯め方」教えます。まずは”知る”ことから始めましょう！ 
これまで老後について、「なるようになるさ」と、真剣に考えたことなど一度たりともありませんでした。それどころか、貯金ゼロ、その日暮らしの気ままな独身生活を楽しんでいました。ですが、これからは改めます。それは、将来への怖れというよりも、「こんな自分でも全然間に合うんだ」という希望が見えたからです。複利の力ってすごいですね。30代の人はもちろん40代でもまだ間に合います。50代の人は軌道修正してみてください。知っているのと知らないのとでは、こんなにも格差が生じる。そんなことに気づかせてくれる一冊です。 
【著者略歴】 金子一広（著者） 特殊法人勤務を経て執筆業へ転身。転身時の経済的苦労から、「貯蓄と投資」には独自のこだわりを持つ。「貯蓄と投資」をベースに事業資産を構築。現在、美容室経営、介護事業等を展開し、実業家としての側面も持つ。ブログ「金子一広の熱狂日記」（http://www.personmax.com/cp-bin/blog/）にて株式投資への持論を毎日公開中。著書に、『金融はどうなるの？（宝島社）』『初心者向け イラストでわかる株投資（宝島社）』「日本最後の不良債権（宝島社）」「遺伝子商売（宝島社）」など、経済から医療分野まで幅広く執筆。また、プロデュース作も『チェッカーズ（新潮社）」など多数。 
横山俊二（監修協力） 1958年北海道生まれ。某保険会社現役営業部長。小樽商科大学卒業後、１部上場ゼネコン企業を経て現職へ。CFP（日本ファイナンシャル・プランナーズ協会の最上級資格）有資格者。MDRT成績資格終身会員（全世界の生命保険営業職のトップ3％で構成される）。そのほか、1級ファイナンシャルプランニング技能士資格（厚生労働省認定資格）や損保販売資格、証券外務員資格や宅地建物取引主任者資格なども保持。場所、時間を問わず精力的に金融・保険営業分野を中心に全国を駆け巡る。個人から中小企業経営者まで、幅広くそのニーズに応えている。モットーは「難しい金融知識やライフプランニングをわかりやすく伝える」。 
【目次】 ●第1章	預貯金から投資の時代へ なぜ投資なのか？/年金200万円台の現実/貯金を年金とともに食い潰す日本人/“郵便局は潰れない”は過去のこと ●第2章	45歳からでも間に合う複利マジック 福利の種類は多種多様/ジェネレーションリミットを考える/なぜ年率運用利回り7％が可能なのか/原資のつくり方～生活実態をチェックする!/老後の生活資金・使い合計1億円確保 ●第3章	金持ち老後は夢じゃない～長期でお金を増やす人生設計術 ダマされない保険指南/掛け捨てゴメン！ 変額保険の魅力/免許皆伝！ 保険活用ノウハウ/大きな声では言えない保険業界の常識/理論値から見た保険業界の裏側/生命保険は自分で探す！/上手な投資信託の選び方/コラム「投資信託は損なのか」 ●第4章	より短期で、より大きく蓄えたいなら～中・短期でお金を増やす人生設計術～ 手元に置きたいキャッシュ・フロー/1億円稼ぐ投資術/株式投資のイロハ/株式投資のイロハ2/コラム「絶対損をしない株式投資術」 ●第5章	未来は貯蓄のあるなしでこう変わる！ 取り戻せる税金は取り戻せ！/家は買うのがトク？ 借りるのがトク？/貯蓄のない未来図/貯蓄のある未来図 
","1,572円（本体1,429円+10%税）",2008年2月28日（木）,978-4-7973-4561-2,46判,264,https://www.sbcr.jp/wp-content/uploads/product/4797345612-407x596.jpg
入っていい生命保険、いけない生命保険,"
					池上 秀司：著者				",選んでいいのはこの３つ！,"
必要な生命保険を選びは難しくもややこしくもありません。 ○ 目的を整理したら選択肢は３つ＋α  × 日本の生保、簡保、共済の加者は早めの見直しを。 生命保険に加入するときの超シンプルな加入術！
 池上秀司（いけがみ・ひでじ） 1968年埼玉県生まれ。ファイナンシャル・プランナー（生命保険協会認定FP）。東京都中高年勤労者福祉推進員。宅地建物取引主任者。関東の住宅展示場を中心に、各種セミナーの講師や個人向けの相談業務を行う。住宅ローンの相談や保険の見直しについて、年間200件ほど受け持ってきた経験から、現実に即した指南に定評がある。著書に『住宅ローンの(秘)新常識 長期固定に繰上返済はトクしない!?』（小社刊）がある。
 保険料を上げてトクする裏ワザ、既往歴のある人が加入する方法、給付金受け取りのポイントなど知ってトクする保険の知恵や考え方をレクチャーします！
","1,430円（本体1,300円+10%税）",2007年9月26日（水）,978-4-7973-4403-5,46判,208,https://www.sbcr.jp/wp-content/uploads/product/4797344035-409x596.jpg
住宅ローンの（秘）新常識,"
					池上 秀司：著者				",長期固定に繰上返済はトクしない!?,"
金利水準の低い今、長期固定で借りて、しかも繰上返済で早くにローンを終わらせるというのは、もっともらしい「正解」に聞こえます。 しかしそれで、本当にトクしているのでしょうか？  あなたなりのトクする答えを、ぜひ本書で見つけてみてください。
","1,430円（本体1,300円+10%税）",2007年5月14日（月）,978-4-7973-4151-5,A5判,192,https://www.sbcr.jp/wp-content/uploads/product/4797341515-424x596.jpg
空室ゼロの｢プレミアム物件｣を作り出す！勝ち組賃貸経営術,"
					西村 哲：著者				",要素がありません,"
大家さん初心者は、割安な物件を手に入れ、高利回りな「プレミアム物件」に作り変えよう！ 空室に悩む大家さんは、費用対効果を最善に考えたリフォームで、満室物件を手に入れよう！
","1,650円（本体1,500円+10%税）",2006年12月21日（木）,4-7973-3871-7,46判,224,https://www.sbcr.jp/wp-content/uploads/product/4797338717-1-407x596.jpg
美人の財布,"
					藤沢久美：著者				",幸せをつかむマネー術,"
日ごろのお金の使い方や働き方、そして、情報との付き合い方を見直すだけで、「投資」がとても身近なものになります。今からでも遅くありません。「お金オンチ」は卒業して、マネーの教養のある素敵な大人の女性に生まれ変わりましょう。投資信託のエキスパートとして知られる著者が、女性のためのお金の使い方や投資方法ついて、わかりやすく解説します。支出（＝自分）を見なおすバランスシートの書き方から、株や投資信託のコツまで、マネーセンスが身につく具体的なノウハウが満載です。
","1,430円（本体1,300円+10%税）",2006年10月30日（月）,4-7973-3348-0,46判,184,https://www.sbcr.jp/wp-content/uploads/product/4797333480-1-404x596.jpg
伝説の証券マンが教える本当のチャート入門,"
					吉見俊彦：著者				",要素がありません,"
過去の相場の軌跡から、相場の動きを予測するのがチャート分析。ただし、客観的な投資判断の材料として利用するには、チャートの正しい見方と、相場への実践力が求められる。本書は、山一證券を退社したときには、あのウォールストリート・ジャーナル紙が一報を流したほどの伝説の敏腕証券マンが、”株投資の羅針盤”ともいうべきチャートの見方を、原理原則にとどまらず実戦に重点をおいて解説した「売り」「買い」の投資判断のための”儲かるチャート分析”指南書。
","1,650円（本体1,500円+10%税）",2006年10月25日（水）,4-7973-3603-X,A5判,208,https://www.sbcr.jp/wp-content/themes/sbcr2019/resources/images/noimage/no_img_book.jpg
賢い大家さんだけが知っている！不動産経営の常識･裏ワザ･隠しワザ,"
					広瀬智也：著者				",要素がありません,"
大家さんが直面する「困った！」「ここが知りたかった！」に答えるヒント、解決法を伝授します。節税・土地活用・融資の引き方、資産の見直しなど、あなたの不動産運用を多方面からサポート。本書を不動産経営のアドバイザーとして頼りにしてください。
","1,650円（本体1,500円+10%税）",2006年3月29日（水）,4-7973-3459-2,46判,256,https://www.sbcr.jp/wp-content/uploads/product/4797334592-402x596.jpg
マンガで学ぶ投資のツボ,"
					前野晴男、フキコ・ヤマモト：著者 / 前野晴男：監修				",へっぽこポコイの株修行,"
「株で儲けるそー！』初心者ポコイの株式修行の行く末は？ 笑って、泣いた、その後に、投資の真理が見えてくる。 話題のタンジェント君の作者フキコ・ヤマモトと、投資のエンサイクロペディア前野晴男が贈る、株式投資の極意。豪華オールカラー版。
","1,320円（本体1,200円+10%税）",2006年1月18日（水）,4-7973-3238-7,46判,128,https://www.sbcr.jp/wp-content/uploads/product/4797332387-405x596.jpg
普通のサラリーマンでも絶対勝てる！　１日３万円稼ぐデイトレ実況中継,"
					谷本達也：著者				",要素がありません,"
普通のサラリーマンである著者が、仕事に支障をきたさず、株式デイトレで１日３万円の確定利益（含み益ではなく）を生み出した必勝法を公開。パチンコは怖くないのに、株は怖い――そんなあなたは今すぐ本書を読みましょう！
","1,650円（本体1,500円+10%税）",2005年11月30日（水）,4-7973-3309-X,46判,208,https://www.sbcr.jp/wp-content/themes/sbcr2019/resources/images/noimage/no_img_book.jpg
女子大生トレーダー深田萌絵の小額取引で儲ける「日経２２５オプション」超入門,"
					深田萌絵/山本潤：著者				",要素がありません,"
小額でも大きな取引ができるオプション売買。個人投資家の注目度が急上昇中の日経225オプションを対象に、オプション取引の仕組みから小額資金で儲けるための萌絵式トレード戦略まで、トレードに必要な知識とノウハウを基礎の基礎からわかりやすく教えます。
■10月3日発送予定です。
","1,650円（本体1,500円+10%税）",2005年9月29日（木）,4-7973-3270-0,A5判,168,https://www.sbcr.jp/wp-content/themes/sbcr2019/resources/images/noimage/no_img_book.jpg
女子大生トレーダー深田萌絵の株ビギナーでも儲かる「アノマリー投資」超入門,"
					深田萌絵：著者 / 松川行雄：監修				",要素がありません,"
アノマリーとは株価変動に見られる周期性や季節性、つまり株式市場の「クセ」のこと。このクセを利用して有利な投資をするのがアノマリー投資の考え方です。投資手法としてわかりやすく、株初心者でもすぐに活用できるアノマリー投資の萌絵式実践法を大公開！
","1,650円（本体1,500円+10%税）",2005年9月29日（木）,4-7973-3228-X,A5判,176,https://www.sbcr.jp/wp-content/themes/sbcr2019/resources/images/noimage/no_img_book.jpg
投資情報のカラクリ,"
					山本一郎：著者				",天才投資家がそっと教える,"
31歳、会社経営者にして巨額投資家。童貞にしてIQ 190。 ネット界のカリスマが、アニメ業界、M&A話、中国投資、バイオベンチャー、不動産証券、消費者金融業界の甘い誘惑をぶった斬る！
 ◆著者より またまたバブルがやってきた！ 株価に上がり下がりはつきものながら、企業の実態や業界の仕組みに関係なく買われ続けるバブル銘柄の秘密を探ります。本書では、無闇に吊り上げられがちな業界をピックアップし、その事業の儲けの構造や関係する証券会社や投資企業の手口、関係者の本音トークなど損をしないための情報を満載。元手を失わないためには何をするべきか、何を知るべきか、何に注目すべきかを分かりやすく解説します。 本書の執筆にあたっては、関連業界のみならず取引実績のある機関投資家や有識者へのインタビュー、ヒヤリングを充実させ、なるだけ客観的に問題業界や問題企業の実像に迫るべく努力しました。株式投資の手法に行き詰まりを感じた投資家諸兄必携の書です。




 ●著者プロフィール 「イレギュラーズアンドパートナーズ」代表取締役。山本一郎@切込隊長としてネットで知られる。主催する｢俺様キングダム｣は2003年ベストブログ賞を獲得した人気サイト。




 【目次】 第1章 国際競争力強化などといってるアニメーション産業斬り！ 「実態ないのにバブル化前夜」 コンテンツ産業はバラ色か？ アニメの産業構造 手塚治虫の呪縛と大きな子どもたち ガンダムモデルとDVDバブル 覆面インタビュー 役人A氏
 第2章 M&Aしたら株価が上がる妄想斬り！ 「それは成熟産業の腐臭が醸す貧者の味わい」 M&Aの甘い誘惑 1 大型企業合併 2 グループ事業再編成 3 周辺事業の救済・再建型買収 4 クロスボーダー型買収 5 ブリッジ＆グロース型買収 M&Aのカラクリをグラフで楽しく学ぼう Break 1 「ダメだけど才能のある人を科学する」
 第3章 猫も杓子も中国バブル斬り！ 「いつかきた懐かしき不動産バブルのかほり」 北京五輪バブルのカラクリ もう始まっている不動産の不良債権化 中国バブルのカラクリをグラフで楽しく学ぼう Break 2 「ゲーム建立記」
 第4章 なんか新しくておいしそうなREIT（不動産投資信託）斬り！ 「銀行の不良債権処理が生んだ、日本経済の私生児たち」 失われた10年、ふざけるな ヤクザ・不動産屋・銀行の三位一体 闇世界の産物REITのカラクリ Break 3 「その人がすごい理由」
 第5章 幻想のバイオベンチャーバブル斬り！ 「ケタ外れに儲からない？ 夢を売る商売の憂鬱」 バイオ、バブッてます 実例・アメリカのバイオバブルのカラクリ バイオ銘柄の読み方 参考 「ハイテクベンチャー評価基準とは何か」
 第6章 甘く危険な消費者金融の誘惑斬り！ 「業績大ブレーキで神話崩壊、既存の金融業界枠にのみ込まれるまで 借りずにはいられない 資金調達不安でいきなり逆風 サラ金業界の構造変化 消費者金融のカラクリをグラフで楽しく学ぼう
","1,540円（本体1,400円+10%税）",2004年8月30日（月）,4-7973-2780-4,46判,192,https://www.sbcr.jp/wp-content/themes/sbcr2019/resources/images/noimage/no_img_book.jpg
投資「４つの黄金則」,"
					ウィリアム・バーンスタイン：著者 / 渡会圭子：著者				",要素がありません,"
投資界の権威であるウィリアム・バーンスタインが、「わかりやすく」「楽しく」をモットーに投資の基本を解説した書です。好況・不況に左右されない賢い投資をすべき。そのための具体的な投資戦略がくわしく解説されています。
","2,860円（本体2,600円+10%税）",2003年9月1日（月）,4-7973-2121-0,46判,464,https://www.sbcr.jp/wp-content/themes/sbcr2019/resources/images/noimage/no_img_book.jpg
プロが教える！ 年収３００万円で生き抜くマネー術,"
					ライフマネジメント研究所：著者				",目からウロコのリスク分散・回避の知恵とヒント,"
庶民をバカにするな！ と叫んだだけでは暮らしていけない ふざけるな！ と言いつつ、怒りながらも冷静に判断した人が勝つ！ 減収・増税・不況・デフレ…どうすりゃいいの私たち？
 あたふたして、不安を抱えているだけでは苦しくなるばかり。「もうちっとも良くならないのだ」、と見切ることから始めましょう。 だって、心配しているうちに手遅れになってしまうんですから。 たいていの人は夢を見ているうちに、何もしてないことに後から気づき、そして知らないうちに悲惨な状況に陥っていくのです。 もちろん、夢を追いかけ、「再びあの満ち足りた暮らしを取り戻そう！」と努力し、汗をかくことは素晴らしいことです。 しかし、足元が浮ついたままで、それを実現できる人などほとんどいないのです。私たちはファイナンシャルプランナーという立場から、たくさんのそういった人たちを見てきました。 そして、まずは生活の足元をしっかり固めるのがいかに重要なことか強く感じてきました。 10年位前までは、たしかにチャンスの神はたくさんいました。 でも今はどうでしょう？　チャンスの神の後ろ髪さえ見えない時代です。 だから、足元を見直し、いつでもその後ろ髪が見えたらつかめるように自分を準備しましょう。 本書は、「生活を守って守って逃げ切れ！」というだけの本ではないのです。 「成功への基礎づくり」のための本なのです。 減収・増税・不況・デフレ…と何ひとついいことがないようなこんな時代だからこそ、 今、準備し力を蓄えるときなのです。 いつ、光が差す日が訪れるかもしれないのですから。
 【目次】 Ⅰあなたも他人事ではない突然の悲劇 Ⅱ守りを固める　ステップ1　（1日たった2時間パートのススメ） Ⅲ守りを固める　ステップ2　（デフレは我々の強力な味方だ！） Ⅳ生活はたったこれだけで、こう改善された　その1 Ⅴ更に守りを固める　ステップ3 Ⅵ更に守りを固める　ステップ4 Ⅶさらに守りを固める　ステップ5　（住宅ローンも変わる！） Ⅷ生活はここまでやれば、こう改善される　その2 Ⅸ守りながら増やす～老後を見据えた資産運用
","1,540円（本体1,400円+10%税）",2003年8月25日（月）,4-7973-2445-7,46判,224,https://www.sbcr.jp/wp-content/themes/sbcr2019/resources/images/noimage/no_img_book.jpg
人生を楽しむためのモトリー・フール流「お金の育て方」,"
					デイビッド・ガードナー／トム・ガードナー：著者 / 大野泰男：訳				",この時代を明るく生きる９のステップ,"
本書の著者ガードナー兄弟（モトリー・フール）は、現在アメリカで絶大の人気と信頼を誇る、個人向け金融情報サイト、フール・ドットコム（Fool.com）の運営者です。彼らは、「人生を楽しむこと」をモットーに、一般の人々に投資、保険、貯金などの金融情報を提供しています。本書は、長引く不況、株価の低迷に陥った現在のアメリカで、普通の人が、明るく幸福に生きるためには、お金をどのようなに考え、どのように運用したらよいかを、わかりやすく、ユーモラスに解説したものです。（もちろん、内容のほとんどは、日本の読者にも大いに役に立ちます。）自分たちをフール（道化）と呼ぶ、彼らの文章はユーモアと活気に溢れています。こんなに笑えて、読み終わった後に元気がでる本は他にはないでしょう。
","1,760円（本体1,600円+10%税）",2003年4月21日（月）,4-7973-2198-9,46判,,https://www.sbcr.jp/wp-content/themes/sbcr2019/resources/images/noimage/no_img_book.jpg
※　83　人生を楽しむためのモトリー・フール流「お金の育て方」のページ数はWEBサイト無記載のため抽出されず。,,,,,,,,,
